URL,TITLE,GENRE
https://meet.google.com/bot-jexu-jhx,"Google Meet - Online Video Calls, Meetings and Conferencing",Video meeting
https://meet.google.com/qzb-znwn-kiw,"Google Meet - Online Video Calls, Meetings and Conferencing",Video meeting
https://meet.google.com/bns-pytp-hww,"Google Meet - Online Video Calls, Meetings and Conferencing",Video meeting
https://meet.google.com/rwe-quxo-mkc?authuser=0,"Google Meet - Online Video Calls, Meetings and Conferencing",Video meeting
https://adlsg2storeshiva.blob.core.windows.net/aisrc?sp=racwdlmeop&st=2023-06-02T04:11:52Z&se=2023-12-31T13:11:52Z&sv=2022-11-02&sr=c&sig=4N3XYIwXn9bbFUUHx6ge2%2BhR%2FMXf07gaRXV4tr23jvM%3D, , 
https://github.com/Azure-Samples/azure-search-openai-demo,"GitHub - Azure-Samples/azure-search-openai-demo: A sample app for the Retrieval-Augmented Generation pattern running in Azure, using Azure AI Search for retrieval and Azure OpenAI large language models  to power ChatGPT-style and Q&A experiences.", 
https://www-freecodecamp-org.cdn.ampproject.org/c/s/www.freecodecamp.org/news/use-apis-to-practice-coding-skills/amp/,Redirecting, 
https://www.linkedin.com/posts/genai-works_chatgpt-artificialintelligence-activity-7072797955459624960--J9F?utm_source=share&utm_medium=member_ios,Generative AI on LinkedIn: #chatgpt #artificialintelligence | 257 comments, 
https://easysso.github.io/,EasySSO | Azure AD Single Sign-On Simplified, 
https://us04web.zoom.us/j/78374166291?pwd=LP1DHiQ18G7P9iYOpDrzplriaswq1p.1,"You are being rate limited, try again later", 
https://github.com/Azure-Samples/azure-search-openai-demo/,"GitHub - Azure-Samples/azure-search-openai-demo: A sample app for the Retrieval-Augmented Generation pattern running in Azure, using Azure AI Search for retrieval and Azure OpenAI large language models  to power ChatGPT-style and Q&A experiences.", 
https://www.linkedin.com/feed/update/urn:li:activity:7076590553861160960?utm_source=share&utm_medium=member_ios,Sign Up | LinkedIn, 
https://drive.google.com/drive/u/1/folders/1By-jA5FUhRON8afQM4Ke6K5kvW-lxaJR,Google Drive: Sign-in, 
https://github.com/tathagatankit/chatbot-tax,Page not found ¬∑ GitHub ¬∑ GitHub, 
https://meet.google.com/uqp-fomx-awx?authuser=0,"Google Meet - Online Video Calls, Meetings and Conferencing", 
https://www.npmjs.com/package/redis,redis - npm, 
https://app.slack.com/client/T05DMCDME2G/C05DYJ8876Y,Slack, 
https://www.cnbc.com/video/2023/06/26/mosaicml-acquisition-will-allow-us-to-democratize-a-i-for-startups-says-databricks-ceo-ali-ghodsi.html,"MosaicML acquisition will allow us to democratize A.I. for startups, says Databricks CEO Ali Ghodsi", 
https://app.slack.com/huddle/T05DMCDME2G/D05DYJ8FWAG,Slack, 
https://meet.google.com/hth-fomw-unb,"Google Meet - Online Video Calls, Meetings and Conferencing", 
https://www.npmjs.com/package/azure-search-client,azure-search-client - npm, 
https://learn.microsoft.com/en-us/azure/search/cognitive-search-tutorial-blob,REST Tutorial: AI on Azure blobs - Azure AI Search | Microsoft Learn, 
https://meet.google.com/zve-gurn-kdr,"Google Meet - Online Video Calls, Meetings and Conferencing", 
https://www.linkedin.com/feed/update/urn:li:activity:7080942649012088832?utm_source=share&utm_medium=member_ios,See Shruti Mittal‚Äôs activity on LinkedIn, 
https://www.linkedin.com/feed/update/urn:li:activity:7080955581334732800?utm_source=share&utm_medium=member_ios,See Priya Gupta‚Äôs activity on LinkedIn, 
https://searchaidemo.search.windows.net/indexes/indextest1/docs?api-version=2020-06-30&search=HINDI', , 
http://localhost:3000', , 
https://techcommunity.microsoft.com/t5/ai-cognitive-services-blog/introducing-azure-openai-service-on-your-data-in-public-preview/ba-p/3847000,"
	Introducing Azure OpenAI Service On Your Data in Public Preview - Microsoft Community Hub
", 
https://techcommunity.microsoft.com/t5/azure-paas-blog/how-to-troubleshoot-cors-error-in-azure-api-management-service/ba-p/2241695,"
	How to troubleshoot CORS error in Azure API Management service - Microsoft Community Hub
", 
https://m.youtube.com/watch?v=6SNfeVop4zM,New easy way to add your data to Azure OpenAI Service - YouTube, 
https://meet.google.com/him-zojj-jzj,"Google Meet - Online Video Calls, Meetings and Conferencing", 
https://learn.microsoft.com/en-us/azure/app-service/quickstart-python?tabs=flask%2Cwindows%2Cazure-cli%2Cvscode-deploy%2Cdeploy-instructions-azportal%2Cterminal-bash%2Cdeploy-instructions-zip-azcli,Quickstart: Deploy a Python (Django or Flask) web app to Azure - Azure App Service | Microsoft Learn, 
https://meet.google.com/qkv-kgiv-crf,"Google Meet - Online Video Calls, Meetings and Conferencing", 
https://meet.google.com/nhw-izta-gab,"Google Meet - Online Video Calls, Meetings and Conferencing", 
https://docs.google.com/document/u/5/d/1baCYxHiboZgYkPlI5xPERFxMW_jPj5ku/mobilebasic, , 
https://stackoverflow.com/questions/72953092/azure-search-with-postgres,postgresql - Azure Search with Postgres - Stack Overflow, 
https://meet.google.com/cfb-bhuf-iir,"Google Meet - Online Video Calls, Meetings and Conferencing", 
https://github.com/shivatomar2183/Azure-AI-ML-Workathon/blob/master/End-to-End%20Scenarios/Audio%20Summarization/End%20to%20End%20-%20Audio%20Summarization.pdf, , 
https://techcommunity.microsoft.com/t5/azure-integration-services-blog/configure-postgresql-connection-in-logic-apps-standard-with-jdbc/ba-p/3784988,"
	Configure PostgreSQL Connection in Logic Apps (Standard) with JDBC, call Function with Execute Query
", 
https://learn.microsoft.com/en-us/answers/questions/481248/can-we-extract-content-like-(text)-from-the-pdf-us,can we extract content like (text) from the pdf using logic app ? - Microsoft Q&A, 
https://meet.google.com/vfd-xhng-feb,"Google Meet - Online Video Calls, Meetings and Conferencing", 
https://meet.google.com/kxp-hoqm-iiy,"Google Meet - Online Video Calls, Meetings and Conferencing", 
https://meet.google.com/fmb-bdko-yek,"Google Meet - Online Video Calls, Meetings and Conferencing", 
https://meet.google.com/wza-xpqx-fqf,"Google Meet - Online Video Calls, Meetings and Conferencing", 
https://meet.google.com/hre-xyod-jvh,"Google Meet - Online Video Calls, Meetings and Conferencing", 
https://msft.it/6047g0VOx,NeurIPS Large Language Model Efficiency Challenge:1 LLM + 1GPU + 1Day | NeurIPS 2023 Challenge, 
https://meet.google.com/owe-hcnu-itr,"Google Meet - Online Video Calls, Meetings and Conferencing", 
https://meet.google.com/jbi-edsn-sxf,"Google Meet - Online Video Calls, Meetings and Conferencing", 
https://learn.microsoft.com/en-us/azure/cloud-adoption-framework/scenarios/app-platform/app-services/landing-zone-accelerator,Azure App Service landing zone accelerator - Cloud Adoption Framework | Microsoft Learn, 
https://github.com/Azure/appservice-landing-zone-accelerator,GitHub - Azure/appservice-landing-zone-accelerator: The Azure App Service landing zone accelerator is an open-source collection of architectural guidance and reference implementation to accelerate deployment of Azure App Service at scale., 
https://learn.microsoft.com/en-us/azure/cloud-adoption-framework/scenarios/cloud-scale-analytics/architectures/data-landing-zone,Data landing zones - Cloud Adoption Framework | Microsoft Learn, 
https://learn.microsoft.com/en-us/microsoftteams/platform/samples/integrate-web-apps-overview,Integrate web apps - Teams | Microsoft Learn, 
https://learn.microsoft.com/en-us/microsoftteams/platform/toolkit/toolkit-v4/sideload-and-test-app-v4,Upload and test app in Teams environment v4 - Teams | Microsoft Learn, 
https://chat-w-your-data.streamlit.app/, , 
https://www.ilink-digital.com/insights/blog/exploring-microsoft-fabric-and-its-impact-on-power-bi/,403 Forbidden, 
https://tome.app/,Tome | Polished & Professional AI Presentations, 
https://webdesign.tutsplus.com/courses,Web Design Courses | Envato Tuts+, 
https://m.youtube.com/watch?v=4shB_qdU3Gs&feature=share,"How can LLMs improve Vision AI?  OCR, Image & Video Analysis - YouTube", 
https://drive.google.com/drive/u/1/folders/1ZT9WPxPfEx8AMz-Jf-SCbm9KfJJ35OoI,Google Drive: Sign-in, 
https://drive.google.com/drive/u/1/folders/19ALyTM0068uiMGuSe4uwodvAUTymV-U6,Google Drive: Sign-in, 
https://www.linkedin.com/feed/update/urn:li:activity:7086583453646753792?utm_source=share&utm_medium=member_ios,Sign Up | LinkedIn, 
http://meet.google.com/wza-xpqx-fqf,"Google Meet - Online Video Calls, Meetings and Conferencing", 
https://meet.google.com/dye-etkm-dqf,"Google Meet - Online Video Calls, Meetings and Conferencing", 
https://learn.microsoft.com/en-us/connectors/postgresql/,PostgreSQL - Connectors | Microsoft Learn, 
https://drive.google.com/drive/u/1/folders/1tRi2BPOY5prbZJfpLQ02oyoKz_jUCICj,Google Drive: Sign-in, 
https://www.linkedin.com/feed/update/urn:li:activity:7087296990119665664?utm_source=share&utm_medium=member_ios,Sign Up | LinkedIn, 
https://www.canva.com/flyers/templates/business/,Canva, 
https://www.youtube.com/watch?v=Ma9ntue1atk,Flyer Design Guide: How to Make a Flyer Your Audience Will Love - YouTube, 
https://www.youtube.com/watch?v=x0smq5ljlf4,Marketing Color Psychology: What Do Colors Mean and How Do They Affect Consumers? - YouTube, 
https://www.youtube.com/watch?v=qckNlMm8sIk,Grove HR's AI Document Intelligence is now LIVE! - YouTube, 
https://mrta.notion.site/GLAM-UPDATES-f21b21849e99482e8c83dd98f15f063d?pvs=4,"Notion ‚Äì The all-in-one workspace for your notes, tasks, wikis, and databases.", 
https://www.openhrms.com/employee-performance-appraisal/,"
        Open Source Performance Management Appraisal  Software | Open HRMS
    ", 
https://learn.microsoft.com/en-us/azure/azure-functions/functions-create-storage-blob-triggered-function,Create a function in Azure triggered by Blob storage | Microsoft Learn, 
https://vmt1991.pythonanywhere.com/blog/post/152/,Azure Function  Python With Blob Storage Trigger For Processing File Upload, 
https://www.linkedin.com/feed/update/urn:li:activity:7087657236797227008?utm_source=share&utm_medium=member_ios,Sign Up | LinkedIn, 
https://www.tanla.com/news/Results_Q1_FY24.html,"
      Tanla announces its financial results for the first quarter of FY24
    ", 
https://www.linkedin.com/feed/update/urn:li:activity:7087989992362262528?utm_source=share&utm_medium=member_ios,Sign Up | LinkedIn, 
https://wcd.nic.in/sites/default/files/Handbook%20on%20Sexual%20Harassment%20of%20Women%20at%20Workplace.pdf, , 
https://www.linkedin.com/posts/anjlic_processmining-powerautomate-powerplatform-ugcPost-7087105516979572736-WmEZ?utm_source=share&utm_medium=member_ios,Anjli Chaudhry on LinkedIn: #processmining #powerautomate #powerplatform #msinspire | 30 comments, 
https://meet.google.com/fma-ptag-fii?pli=1&authuser=1,"Google Meet - Online Video Calls, Meetings and Conferencing", 
https://meet.google.com/ibx-ygqf-bhe?pli=1&authuser=1,"Google Meet - Online Video Calls, Meetings and Conferencing", 
https://docs.oracle.com/cd/E26650_01/books/UserGuides/OFSAA_DD_E16101_01.pdf, , 
https://www.youtube.com/watch?v=bZQun8Y4L2A,State of GPT | BRK216HFS - YouTube, 
https://www.kevinrchant.com/2023/07/19/migrate-dedicated-sql-pool-objects-to-a-microsoft-fabric-data-warehouse/,Migrate dedicated SQL Pool objects to a Microsoft Fabric Data Warehouse - Kevin Chant, 
https://meet.google.com/pmw-iqmv-zpv,"Google Meet - Online Video Calls, Meetings and Conferencing", 
https://balabala76.medium.com/using-langchain-vector-store-using-azure-cognitive-search-4ab89b626b92,Using Langchain vector store using Azure Cognitive Search | by Balamurugan Balakreshnan | MLearning.ai | Medium, 
https://www.linkedin.com/feed/update/urn:li:activity:7087793515811753984?utm_source=share&utm_medium=member_android,World Economic Forum on LinkedIn: This electric water taxi saves 100kg of CO2 emissions per hour of sailing.‚Ä¶ | 304 comments, 
https://lnkd.in/dDkJi23s,LinkedIn, 
https://lnkd.in/dBe47hMb,LinkedIn, 
https://lnkd.in/dKjFji7x,LinkedIn, 
https://lnkd.in/dGxeBsBd,LinkedIn, 
https://lnkd.in/dgsgjzVS,LinkedIn, 
https://lnkd.in/dTuqXerE,LinkedIn, 
https://lnkd.in/d7YEufNe,LinkedIn, 
https://lnkd.in/dQ97qB9Y,LinkedIn, 
https://lnkd.in/diSSBN3w,LinkedIn, 
https://lnkd.in/diMy8uKe,LinkedIn, 
https://lnkd.in/dezNFGXM,LinkedIn, 
https://lnkd.in/dKbBG9YW,LinkedIn, 
https://lnkd.in/ddjYxxKd,LinkedIn, 
https://lnkd.in/dnz5FjhW,LinkedIn, 
https://lnkd.in/dtkwhJ4D,LinkedIn, 
https://lnkd.in/dCMharp9,LinkedIn, 
https://lnkd.in/dgYjuZt3,LinkedIn, 
https://lnkd.in/dySKNYS5,LinkedIn, 
https://uxplanet.org/10-ai-figma-plugins-every-ui-ux-designer-must-try-d71a9acff1e,10 AI Figma Plugins every UI/UX designer must try | by Arpit Chandak | UX Planet, 
https://github.com/anishroy112/SuperstoreDemoV1.1,GitHub - anishroy112/SuperstoreDemoV1.1: PowerBI_SuperStore Sales analysis project DAX Profit Percentage KPI Created, 
https://drive.google.com/drive/u/1/folders/1YXa1s35WviHhFTvM1K3bQjWhzc2vJnMK,Google Drive: Sign-in, 
https://techcommunity.microsoft.com/t5/azure-architecture-blog/azure-openai-landing-zone-reference-architecture/ba-p/3882102,"
	Azure OpenAI Landing Zone reference architecture
", 
https://pulkitchadha.medium.com/generative-ai-what-it-is-why-it-matters-and-how-databricks-lakehouse-enables-its-enterprise-wide-3dd3894093b5,"Generative AI: What It Is, Why It Matters, and How Databricks Lakehouse Enables its Enterprise-Wide Use Case | by Pulkit Chadha | Medium", 
https://mail.hostinger.com/,Hostinger Webmail, 
https://www.linkedin.com/feed/update/urn:li:activity:7089446718273908736?utm_source=share&utm_medium=member_ios,Sign Up | LinkedIn, 
https://meet.google.com/unn-pkzg-ktc,"Google Meet - Online Video Calls, Meetings and Conferencing", 
https://www.linkedin.com/posts/microsoft_ai-azure-digitaltransformation-ugcPost-7089628178813489152-kt8x?utm_source=share&utm_medium=member_ios,Microsoft on LinkedIn: #ai #azure #digitaltransformation #innovation, 
https://medium.com/@nayan.j.paul/my-journey-on-managing-llm-versions-in-enterprise-adoption-of-generative-ai-4457aecc4749,My Journey on Managing LLM Versions in Enterprise Adoption of Generative AI | by Nayan Paul | Artificial Intelligence in Plain English, 
https://medium.com/@kunal.shangari/warehouse-to-lake-house-a-small-yet-big-change-a58e737950a9,Warehouse to Lake House‚Ä¶ a small yet BIG change. | by Kunal Shangari | Medium, 
https://meet.google.com/hgj-zhxb-njj,"Google Meet - Online Video Calls, Meetings and Conferencing", 
https://meet.google.com/dxp-zdgi-bty,"Google Meet - Online Video Calls, Meetings and Conferencing", 
https://learn.microsoft.com/en-us/azure/azure-functions/functions-event-grid-blob-trigger?pivots=programming-language-csharp,Tutorial: Trigger Azure Functions on blob containers using an event subscription | Microsoft Learn, 
https://blog.logrocket.com/optimizing-performance-react-app/,Optimizing performance in a React app - LogRocket Blog, 
https://meet.google.com/pck-kcmz-fyf,"Google Meet - Online Video Calls, Meetings and Conferencing", 
https://meet.google.com/vvy-hxrk-vby,"Google Meet - Online Video Calls, Meetings and Conferencing", 
https://madewithml.com/,Home - Made With ML, 
https://learn.microsoft.com/en-us/fabric/cicd/best-practices-cicd,Best practices for lifecycle management in Fabric - Microsoft Fabric | Microsoft Learn, 
https://medium.com/factset/the-factset-enterprise-solutions-lakehouse-5932ee5276f,The FactSet Enterprise Solutions Lakehouse | by FactSet | FactSet | Medium, 
https://blog.fabric.microsoft.com/en-us/blog/data-pipeline-performance-improvements-part-1-how-to-convert-a-time-interval-dd-hhmmss-into-seconds,Data Pipeline Performance Improvements Part 1: How to convert a time interval (dd.hh:mm:ss) into seconds | Microsoft Fabric Blog | Microsoft Fabric, 
https://onelogica.com/index.html,"Onelogica, Analytics ,ML & AI", 
https://smarthr.dreamguystech.com/html/template/salary.html,smarthr.dreamguystech.com | 522: Connection timed out, 
https://docs.google.com/spreadsheets/d/1cK39zICuQvz16F-miCdNObDYj34Flzf_4200kv42VeA/edit?usp=sharing,Resource sheet - Google Sheets, 
https://www.browserstack.com/?,Most Reliable App & Cross Browser Testing Platform | BrowserStack, 
https://meet.google.com/tjy-sxjt-eiy,"Google Meet - Online Video Calls, Meetings and Conferencing", 
https://techcommunity.microsoft.com/t5/azure-ai-services-blog/understanding-document-hierarchical-structure-with-azure-form/ba-p/3842311,"
	Understanding Document Hierarchical Structure with Azure Form Recognizer and XML Format Converter - Microsoft Community Hub
", 
https://github.com/mahes-a/2023/blob/main/Azure%20Machine%20Leaning/TeamsBotwithAMLLlama2.md, , 
https://theyearofgreta.com/,The Year of Greta, 
https://learn.microsoft.com/en-us/training/modules/ux-design/,Foundations of user experience and design thinking - Training | Microsoft Learn, 
https://meet.google.com/hts-gcmz-dqf,"Google Meet - Online Video Calls, Meetings and Conferencing", 
https://github.com/huggingface/text-generation-inference,GitHub - huggingface/text-generation-inference: Large Language Model Text Generation Inference, 
https://www.linkedin.com/posts/chandreshdesai_devops-kubernetes-cloudcomputing-activity-7090650851970605059-MGce?utm_source=share&utm_medium=member_ios,Chandresh Desai on LinkedIn: #devops #kubernetes #cloudcomputing #devopstools #softwareengineering‚Ä¶ | 136 comments, 
https://www.linkedin.com/posts/brijpandeyji_softwareengineering-systemdesign-devops-activity-7090292259828473856-BM-d?utm_source=share&utm_medium=member_ios,Brij kishore Pandey on LinkedIn: #softwareengineering #systemdesign #devops | 306 comments, 
https://stackoverflow.blog/2023/07/27/announcing-overflowai/,Announcing OverflowAI - Stack Overflow, 
https://blog.fabric.microsoft.com/en-us/blog/microsoft-fabric-event-streams-generating-real-time-insights-with-python-kql-and-powerbi?ft=All:,"Microsoft Fabric Event Streams: Generating Real-time Insights with Python, KQL and Power BI | Microsoft Fabric Blog | Microsoft Fabric", 
https://youtu.be/EJkhLOVAqE8,Microsoft Azure Fundamentals Certification Course (AZ-900) - Pass the exam in just 8 hours! - YouTube, 
https://www.taskade.com/blog/ai-prompt-engineering/,AI Prompt Engineering: The Future of Human-Machine Interaction | Taskade, 
https://meet.google.com/ibx-ygqf-bhe?authuser=1,"Google Meet - Online Video Calls, Meetings and Conferencing", 
https://www.keka.com/hrms-take-a-tour, , 
https://payhr.in/ctc-salary-calculator-online.php,Online CTC Calculator with Salary Annexure Excel download, 
https://meet.google.com/vzk-exkr-szq,"Google Meet - Online Video Calls, Meetings and Conferencing", 
https://github.com/MSUSAzureAccelerators/Azure-Cognitive-Search-Azure-OpenAI-Accelerator,GitHub - MSUSAzureAccelerators/Azure-Cognitive-Search-Azure-OpenAI-Accelerator: Virtual Assistant - GPT Smart Search Engine - Bot Framework + Azure OpenAI + Azure AI Search + Azure SQL + Bing API + Azure Document Intelligence + LangChain + CosmosDB, 
https://meet.google.com/yim-vrsz-ijv?pli=1&authuser=0,"Google Meet - Online Video Calls, Meetings and Conferencing", 
https://lnkd.in/gkGk7uFe,LinkedIn, 
https://lnkd.in/gxb7H48v,LinkedIn, 
https://lnkd.in/gp4caXv8,LinkedIn, 
https://lnkd.in/gkgceDmn,LinkedIn, 
https://lnkd.in/gBJEQbFJ,LinkedIn, 
https://lnkd.in/gTiBAJtq,LinkedIn, 
https://lnkd.in/gfqG8HbD,LinkedIn, 
https://lnkd.in/gVUuyC8B,LinkedIn, 
https://lnkd.in/gchfKJ_9,LinkedIn, 
https://lnkd.in/gdqUUtbf,LinkedIn, 
https://lnkd.in/gAQ4NdRx,LinkedIn, 
https://lnkd.in/gQgDR3c6,LinkedIn, 
https://lnkd.in/gY9B9rxt,LinkedIn, 
https://lnkd.in/ghJwYnXU,LinkedIn, 
https://lnkd.in/gz-ufwbU,LinkedIn, 
https://lnkd.in/g7vuJ8g8,LinkedIn, 
https://lnkd.in/g4GUfzcD,LinkedIn, 
https://lnkd.in/g_CB2aDZ,LinkedIn, 
https://lnkd.in/gzkHccDh,LinkedIn, 
https://lnkd.in/gRhGHYQN,LinkedIn, 
https://lnkd.in/guEv2yUb,LinkedIn, 
https://lnkd.in/gp3xAx_x,LinkedIn, 
https://lnkd.in/gDfm6v5J,LinkedIn, 
https://blog.fabric.microsoft.com/en-us/blog/unleashing-the-power-of-synapseml-and-microsoft-fabric-a-guide-to-qa-on-pdf-documents?ft=All,Microsoft Fabric Blog, 
http://20.204.204.150/, , 
https://events.databricks.com/Databricks-AWS-Lakehouse-Labs-202308?utm_source=databricks&utm_medium=social&utm_campaign=7018Y0000017LJXQA2&utm_term=bambu&blaid=4872974,Databricks Events | Databricks, 
https://blog.fabric.microsoft.com/en-us/blog/unleashing-the-power-of-synapseml-and-microsoft-fabric-a-guide-to-qa-on-pdf-documents-2/,Unleashing the Power of Microsoft Fabric and SynapseML: A Guide to Q&A on PDF Documents with LLMs | Microsoft Fabric Blog | Microsoft Fabric, 
https://medium.com/towards-generative-ai/understanding-llama-2-architecture-its-ginormous-impact-on-genai-e278cb81bd5c,Understanding LLaMA-2 Architecture & its Ginormous Impact on GenAI | by Kunal Sawarkar | Towards Generative AI | Medium, 
https://meet.google.com/vdv-hpcm-raw,"Google Meet - Online Video Calls, Meetings and Conferencing", 
https://github.com/microsoft/Llama-2-Onnx/,GitHub - microsoft/Llama-2-Onnx, 
https://careerfoundry.com/en/blog/ux-design/chatgpt-for-ux-design/,ChatGPT for UX design: The Top 15 Prompts, 
https://pub.towardsai.net/forget-pip-conda-requirements-txt-use-poetry-instead-and-thank-me-later-226a0bc38a56,"Forget PIP, Conda, and requirements.txt! Use Poetry Instead And Thank Me Later | by Bex T. | Towards AI", 
https://meet.google.com/bso-wmqd-oez,"Google Meet - Online Video Calls, Meetings and Conferencing", 
https://meet.google.com/tsy-yohj-kfx,"Google Meet - Online Video Calls, Meetings and Conferencing", 
https://youtube.com/playlist?list=PL9ooVrP1hQOHdFketT6JzY-71nBgIu-n0,Microsoft Azure Training Videos - YouTube, 
https://youtube.com/playlist?list=PL2rqVLfBxq_jK6zRibdPoQo4fQDarisNB,Azure Kubernetes Service (AKS) - YouTube, 
https://devblogs.microsoft.com/cosmosdb/migration-assessment-for-mongodb-to-azure-cosmos-db-for-mongodb/,403 Forbidden, 
https://meet.google.com/qay-wfrp-gkj,"Google Meet - Online Video Calls, Meetings and Conferencing", 
https://devanshicomputers-my.sharepoint.com/:u:/p/manoj_kumar/EZxiOPCl1bVBsJx8tAM7okYBKpAtypw9O5IJeagnV1dG0g?e=RTguzh, , 
https://www.helpnetsecurity.com/2023/08/02/bloodhound-ce-open-source-penetration-testing-tool/,Open-source penetration testing tool BloodHound CE released - Help Net Security, 
https://www.linkedin.com/posts/sreechavali_mlops-machinelearning-dataengineering-activity-7092659939239723008-26Kx?utm_source=share&utm_medium=member_ios,Sree Chavali on LinkedIn: #microsoft, 
https://github.com/microsoft/azurechatgpt,GitHub - microsoft/azurechat: ü§ñ üíº  Azure Chat Solution Accelerator powered by Azure Open AI Service, 
https://techcommunity.microsoft.com/t5/azure-ai-services-blog/document-generative-ai-the-power-of-azure-ai-document/ba-p/3875015,"
	Document Generative AI: the Power of Azure AI Document Intelligence & Azure OpenAI Service Combined
", 
https://techcommunity.microsoft.com/t5/azure-ai-services-blog/azure-form-recognizer-is-now-azure-ai-document-intelligence-with/ba-p/3875765,"
	Azure Form Recognizer is now Azure AI Document Intelligence with new and updated capabilities - Microsoft Community Hub
", 
https://meet.google.com/umh-knwy-kqj,"Google Meet - Online Video Calls, Meetings and Conferencing", 
https://www.linkedin.com/posts/eric-vyacheslav-156273169_ai-will-save-lives-it-can-now-detect-driver-ugcPost-7092548408300732416-HCDd?utm_source=share&utm_medium=member_ios,Sign Up | LinkedIn, 
https://www.linkedin.com/posts/vfortier_databricks-activity-7092870605514891264-i1k7?utm_source=share&utm_medium=member_ios,Sign Up | LinkedIn, 
https://endjin.com/blog/2023/05/azure-synapse-analytics-versus-microsoft-fabric-a-side-by-side-comparison,Azure Synapse Analytics versus Microsoft Fabric: A Side by Side Comparison | endjin - Azure Data Analytics Consultancy UK, 
https://youtu.be/9bkZHHUcy6I,Performance at Scale with Microsoft Fabric: Query Optimizations! - YouTube, 
https://lnkd.in/eXp8h7dY,LinkedIn, 
https://lnkd.in/eK7qQcJY,LinkedIn, 
https://lnkd.in/e-aX58Ky,LinkedIn, 
https://lnkd.in/ewM_aXam,LinkedIn, 
https://lnkd.in/e3ZGHSfz,LinkedIn, 
https://lnkd.in/ea9crZiR,LinkedIn, 
https://lnkd.in/eM5Dhi4N,LinkedIn, 
https://lnkd.in/eeBEJx_n,LinkedIn, 
https://lnkd.in/eGn8NUCD,LinkedIn, 
https://meet.google.com/kqf-xuyk-reu,"Google Meet - Online Video Calls, Meetings and Conferencing", 
https://www.bing.com/videos/search?q=How+to+open+a+Visual+Studio+Enterprise+azure+cloud+account&&view=detail&mid=6FDEA51F3430EF7A62616FDEA51F3430EF7A6261&&FORM=VRDGAR&ru=%2Fvideos%2Fsearch%3Fq%3DHow%2Bto%2Bopen%2Ba%2BVisual%2BStudio%2BEnterprise%2Bazure%2Bcloud%2Baccount%26FORM%3DHDRSC4,How to open a Visual Studio Enterprise azure cloud account - Search Videos, 
https://events.databricks.com/Azure-Databricks-Lakehouse-Lab-202308,Registration Closed: Azure Databricks Lakehouse Labs, 
https://events.databricks.com/FY24-Q3-AllPrac-TLAYDAAAOOP-VirtualEvent?utm_source=databricks&utm_medium=web&utm_campaign=7018y0000017locqam&_gl=1*7ypg1o*_gcl_au*MTc0ODYzNjUxNS4xNjkxMTM0MzQz*rs_ga*YzBmMWZiYWUtMmQ5Zi00M2I4LWFiNGQtOGIwNjJhNjViNTZl*rs_ga_PQSEQ3RZQC*MTY5MTEzNDM0MTcyMy4xLjEuMTY5MTEzNDM1OC42MC4wLjA.&_ga=2.98337047.988700479.1691134346-1473160593.1691134346,Databricks Events | Databricks, 
https://events.databricks.com/model-risk-management-for-AI-explainability?_gl=1*c2mltg*_gcl_au*MTc0ODYzNjUxNS4xNjkxMTM0MzQz*rs_ga*YzBmMWZiYWUtMmQ5Zi00M2I4LWFiNGQtOGIwNjJhNjViNTZl*rs_ga_PQSEQ3RZQC*MTY5MTEzNDM0MTcyMy4xLjEuMTY5MTEzNDM1OC42MC4wLjA.&_ga=2.68518425.988700479.1691134346-1473160593.1691134346,Event Registration: Model Risk Management for AI Explainability, 
https://techcommunity.microsoft.com/t5/fasttrack-for-azure/metadata-driven-pipelines-for-microsoft-fabric/ba-p/3891651,"
	Metadata Driven Pipelines for Microsoft Fabric - Microsoft Community Hub
", 
https://youtu.be/Bd9LWW4cxEU,Introducing Vector Search in Azure Cognitive Search | Azure Friday - YouTube, 
https://techcommunity.microsoft.com/t5/modernization-best-practices-and/oracle-to-azure-postgresql-flexible-server-incremental-load/ba-p/3818309,"
	Oracle to Azure PostgreSQL - Flexible Server Incremental Load Using ADF Data Flows - Part 1 - Microsoft Community Hub
", 
https://www.linkedin.com/posts/mckinsey_ai-sales-activity-7093337570830417920-PPUp?utm_source=share&utm_medium=member_ios,McKinsey & Company on LinkedIn: #ai #sales | 29 comments, 
https://www.linkedin.com/posts/microsoft-cloud-partner-program_power-platform-process-mining-enriching-activity-7093319710993235968-G2dA?utm_source=share&utm_medium=member_ios,Microsoft AI Cloud Partner Program on LinkedIn: Power Platform Process Mining: Enriching partner opportunities, 
https://www.linkedin.com/posts/leandroesc_azure-azuretipoftheday-azuremissioncritical-activity-7093365601343082496-elwU?utm_source=share&utm_medium=member_ios,Leandro Carvalho on LinkedIn: #azure #azuretipoftheday #azuremissioncritical, 
https://www.microsoft.com/en-us/industry/blog/healthcare/2023/08/02/unlock-efficiency-and-quality-of-care-with-microsoft-cloud-for-healthcare-care-management/,Microsoft Corporation, 
https://meet.google.com/bpq-chfz-qfz?hs=224,"Google Meet - Online Video Calls, Meetings and Conferencing", 
https://github.com/DatabricksFactory/databricks-migration,GitHub - DatabricksFactory/databricks-migration, 
https://blog.fabric.microsoft.com/en-us/blog/construct-a-data-analytics-workflow-with-a-fabric-data-factory-data-pipeline,Construct a data analytics workflow with a Fabric Data Factory data pipeline | Microsoft Fabric Blog | Microsoft Fabric, 
https://docs.google.com/spreadsheets/d/1qsRjFHy5LduQMTayLEG5NjcszloUAK1l0RVhHHeUjJk, , 
https://towardsdatascience.com/how-to-chat-with-any-file-from-pdfs-to-images-using-large-language-models-with-code-4bcfd7e440bc,How to Chat With Any PDFs and Image Files Using Large Language Models ‚Äî With Code | by Zoumana Keita | Towards Data Science, 
https://www.kevinrchant.com/2023/05/24/spreading-your-sql-server-wings-with-microsoft-fabric/,Spreading your SQL Server wings with Microsoft Fabric - Kevin Chant, 
https://medium.com/@samtwalker/building-data-pipelines-with-the-databricks-extension-for-vs-code-230842b3a46a,Building Data Pipelines with the Databricks extension for VS Code | by Samtwalker | Medium, 
https://meet.google.com/bpq-chfz-qfz,"Google Meet - Online Video Calls, Meetings and Conferencing", 
https://getgreenshot.org/downloads/,Downloads, 
https://techcommunity.microsoft.com/t5/azure-ai-services-blog/creating-a-branded-ai-voice-that-conveys-emotions-and-speaks/ba-p/3876336,"
	Creating a branded AI voice that conveys emotions and speaks multiple languages: a step-by-step guide
", 
https://github.com/MicrosoftDocs/azure-docs/blob/main/articles/synapse-analytics/migration-guides/netezza/2-etl-load-migration-considerations.md, , 
https://github.com/shivatomar2183/apjbootcamp2022,GitHub - shivatomar2183/apjbootcamp2022: From the 2022 ANZ Bootcamp being used for the CSA workshops, 
https://learn.microsoft.com/en-us/azure/data-factory/data-migration-guidance-netezza-azure-sqldw,Migrate data from an on-premises Netezza server to Azure - Azure Data Factory | Microsoft Learn, 
https://youtu.be/OgIWkhKrC3c,Migrating from Netezza or Teradata to Azure DW - YouTube, 
https://meet.google.com/jzm-gfza-szq,"Google Meet - Online Video Calls, Meetings and Conferencing", 
https://events.databricks.com/Azure-Databricks-Lakehouse-Lab-202308?utm_source=databricks&utm_medium=social&utm_campaign=7018Y0000017LJhQAM&utm_term=bambu&blaid=4872985,Registration Closed: Azure Databricks Lakehouse Labs, 
https://meet.google.com/ifr-crcx-kig,"Google Meet - Online Video Calls, Meetings and Conferencing", 
https://stackoverflow.com/questions/51652292/azure-application-gateway-error-502-when-using-application-gateway,Azure Application Gateway error 502 when using application gateway - Stack Overflow, 
https://stackoverflow.com/questions/73321328/azure-aks-application-gateway-502-bad-gateway,kubernetes - Azure AKS Application Gateway 502 bad gateway - Stack Overflow, 
https://lnkd.in/gBzHN-Fv,LinkedIn, 
https://docs.google.com/spreadsheets/d/1lngKGnGTR06qqkaONjve_9XuRz0odudgR-al-7zzYVw/edit?usp=sharing,REFERENCE LINKS - Google Sheets, 
https://learn.microsoft.com/en-us/azure/storage/blobs/scalability-targets,Scalability and performance targets for Blob storage - Azure Storage | Microsoft Learn, 
https://youtube.com/playlist?list=PL2kUmMh1BdCXh2590uU78wzpW7GdfzcaF,Financial Reporting & Analysis with Power BI - YouTube, 
https://youtu.be/DMv9JC_K37Y,How To Read & Analyze The Balance Sheet Like a CFO | The Complete Guide To Balance Sheet Analysis - YouTube, 
https://youtu.be/pgBsyTKAwLw,"How to automate Accounting Ledger, Trial Balance, Income Statement, Balance Sheet in Excel | English - YouTube", 
https://youtu.be/bjLIA1vSqGs,Sales Dashboard in Excel | Dynamic Excel Dashboard for Sales - YouTube, 
https://youtu.be/kSGLqOKlfFM,Financial Analytics with DataSelf and Tableau - YouTube, 
https://youtu.be/lkcJGox1d_E,Personal Financial Dashboard Created with Power BI - YouTube, 
https://youtu.be/z26zbiGJnd4,Is This Microsoft Excel?! Financial Statistics Dashboards System | Tutorial 1 - YouTube, 
https://docs.google.com/spreadsheets/d/1qsRjFHy5LduQMTayLEG5NjcszloUAK1l0RVhHHeUjJk/edit, , 
https://techcommunity.microsoft.com/t5/azure-architecture-blog/empowering-ai-building-and-deploying-azure-ai-landing-zones-with/ba-p/3891249,"
	Empowering AI: Building and Deploying Azure AI Landing Zones with Terraform
", 
https://aka.ms/ProdportalCRP/,Microsoft Azure, 
https://docs.microsoft.com/en-us/azure/azure-supportability/regional-quota-requests,Increase regional vCPU quotas - Azure Quotas | Microsoft Learn, 
https://m.youtube.com/watch?v=yCQTOHDOfJw,Data Engineer‚Äôs perspective on storing data in Fabric: Lakehouse or Warehouse? - YouTube, 
https://www.linkedin.com/posts/sibaprasadbehera_productmanagement-userinterface-ui-ugcPost-7094959340352126976-QmiU?utm_source=share&utm_medium=member_ios,Sibaprasad Behera on LinkedIn: #productmanagement #userinterface #ui #adoption #officemusings, 
https://www.kevinrchant.com/2023/08/09/prepare-azure-devops-for-microsoft-fabric-git-integration/,Prepare Azure DevOps for Microsoft Fabric Git integration - Kevin Chant, 
https://www.linkedin.com/posts/brijpandeyji_6components-of-devops-that-can-help-you-activity-7095003211714953218-sgIe?utm_source=share&utm_medium=member_ios,Brij kishore Pandey on LinkedIn: 6¬†¬†components of DevOps that can help you achieve software‚Ä¶ | 81 comments, 
https://blog.fabric.microsoft.com/en-us/blog/connecting-to-onelake?ft=All:,Connecting to OneLake¬† | Microsoft Fabric Blog | Microsoft Fabric, 
https://blog.fabric.microsoft.com/en-US/blog/microsoft-fabric-july-2023-update,Microsoft Fabric July 2023 Update | Microsoft Fabric Blog | Microsoft Fabric, 
https://blog.fabric.microsoft.com/en-US/blog/announcing-xmla-write-support-for-direct-lake-datasets/,Announcing XMLA Write support for Direct Lake datasets | Microsoft Fabric Blog | Microsoft Fabric, 
https://techcommunity.microsoft.com/t5/azure-arc-blog/announcing-jumpstart-agora/ba-p/3887199,"
	Announcing Jumpstart Agora - Microsoft Community Hub
", 
https://meet.google.com/bpq-chfz-qfz?pli=1&authuser=1,"Google Meet - Online Video Calls, Meetings and Conferencing", 
https://onelogica2023-my.sharepoint.com/personal/navinkumar_onelogica2023_onmicrosoft_com/_layouts/15/onedrive.aspx?cid=4453df1b%2Db834%2D43da%2D9d41%2D69b7d10869db&id=%2Fpersonal%2Fnavinkumar%5Fonelogica2023%5Fonmicrosoft%5Fcom%2FDocuments%2FTraining%5Fand%5FLearning&view=0, , 
https://meet.google.com/jdj-epnb-tto,"Google Meet - Online Video Calls, Meetings and Conferencing", 
https://m.youtube.com/watch?v=ulspQ4Rb_mY&feature=youtu.be,Loading on-prem DB to Fabric Lakehouse with Dataflows - YouTube, 
https://www.databricks.com/discover/pages/optimize-data-workloads-guide,Comprehensive Guide to Optimize Data Workloads | Databricks, 
https://github.com/shivatomar2183/Azure-AI-ML-Workathon,"GitHub - shivatomar2183/Azure-AI-ML-Workathon: This series of workshops on various services is created to help you gain expertise on Azure cognitive and ML Services. You will be able to explore each functionality offered by the service through the GUI & REST APIs and observe the outcomes. We have also shared sample datasets related to each service to replicate what we have built in our workshops. Once you complete these labs, you‚Äôll go from Zero to Hero on the respective service and should be able to Demo, Develop and Deploy your own custom use cases.", 
https://www.novypro.com/project/railways-performance-analytics-project-power-bi,Power BI | Project | Railways Performance Analytics Project, 
https://youtu.be/l-8omtemVU0,Performance at Scale with Microsoft Fabric: Concurrency! - YouTube, 
https://www.thunderbird.net/en-US/,Thunderbird ‚Äî Free Your Inbox. ‚Äî Thunderbird, 
https://play.google.com/store/apps/details?id=park.outlook.sign.in.client,Email App for Any Mail - Apps on Google Play, 
https://m.youtube.com/watch?v=XCJD0bVuPB8,"Unlocking Near Real Time Data Replication with CDC, Apache Spark‚Ñ¢ Streaming, and Delta Lake - YouTube", 
https://www.youtube.com/watch?v=-VjEMvA2R6I,Animate your Technical Diagrams in PowerPoint - YouTube, 
https://youtu.be/iIcLquwubtY,How to create Animated GIF using PPT - YouTube, 
https://blog.fabric.microsoft.com/en-US/blog/data-pipeline-performance-improvement-part-3-gaining-more-than-50-improvement-for-historical-loads/,Data Pipeline Performance Improvement Part 3: Gaining more than 50% improvement for Historical Loads | Microsoft Fabric Blog | Microsoft Fabric, 
https://blog.fabric.microsoft.com/en-AU/blog/announcing-xmla-write-support-for-direct-lake-datasets/,Announcing XMLA Write support for Direct Lake datasets | Microsoft Fabric Blog | Microsoft Fabric, 
https://www.linkedin.com/posts/brijpandeyji_the-5-deployment-patterns-to-know-in-2023-activity-7096090445641826305-KqDp?utm_source=share&utm_medium=member_ios,"Brij kishore Pandey on LinkedIn: The 5 Deployment Patterns to Know in 2023



Software development is a‚Ä¶ | 118 comments", 
https://github.com/microsoft/finnts,GitHub - microsoft/finnts: Microsoft Finance Time Series Forecasting Framework (FinnTS) is a forecasting package that utilizes cutting-edge time series forecasting and parallelization on the cloud to produce accurate forecasts for financial data., 
https://www.databricks.com/resources/webinar/advantage-lakehouse?scid=7018Y000001Fi0UQAS&utm_medium=paid+social&utm_source=linkedin&utm_campaign=646956986&utm_adgroup=207734636&utm_content=live+webinar&utm_offer=advantage-lakehouse&utm_ad=271458726&li_fat_id=af6e9ed4-3d98-404a-9302-0daf0e623e24,Advantage Lakehouse: Fueling Innovation in the Era of Data and AI | Databricks, 
https://meet.google.com/muo-bnzp-xbw,"Google Meet - Online Video Calls, Meetings and Conferencing", 
https://docs.google.com/document/d/1RUvR4at2-K0dCx0jdqZ3gaE2m8dcbdZGqWXVKeVUxxc/edit?usp=sharing,iSAM First Testing - Google Docs, 
https://m.youtube.com/playlist?list=PLoROMvodv4rNyWOpJg_Yh4NSqI4Z4vOYy,Stanford CS229: Machine Learning I Spring 2022 - YouTube, 
https://blog.fabric.microsoft.com/en-US/blog/use-semantic-kernel-with-lakehouse-in-microsoft-fabric/,Use Semantic Kernel with Lakehouse in Microsoft Fabric | Microsoft Fabric Blog | Microsoft Fabric, 
https://debruyn.dev/2023/migrating-azure-synapse-dedicated-sql-to-microsoft-fabric/,Migrating Azure Synapse Dedicated SQL to Microsoft Fabric - Sam Debruyn, 
https://blog.fabric.microsoft.com/en-us/blog/introducing-the-end-to-end-scenarios-in-microsoft-fabric,Introducing the end-to-end scenarios in Microsoft Fabric | Microsoft Fabric Blog | Microsoft Fabric, 
https://youtu.be/-g6KveKQXu4,Data Science in Microsoft Fabric ‚Äì Data preparation and exploration with Data Wrangler - YouTube, 
https://www.youtube.com/playlist?list=PLPaNVDMhUXGYU97pdqwoaociLdwyDRn39,Microsoft Fabric - YouTube, 
https://meet.google.com/pnv-srmb-ftu,"Google Meet - Online Video Calls, Meetings and Conferencing", 
https://www.adobe.com/products/captivate.html,Adobe Captivate - Design awesome courses in mins, 
https://www.fiddler.ai/blog/accelerating-the-production-of-ai-solutions-with-fiddler-and-databricks-integration,Accelerating the Production of AI Solutions with Fiddler and Databricks Integration | Fiddler AI Blog, 
https://python.langchain.com/docs/integrations/llms/llm_caching,LLM Caching integrations | ü¶úÔ∏èüîó Langchain, 
https://github.com/Abhi0323/PygWalker,GitHub - Abhi0323/PygWalker, 
https://github.com/microsoft/Azure-Invoice-Process-Automation-Solution-Accelerator/blob/main/Deployment/Deployment.md, , 
https://github.com/microsoft/Azure-PDF-Form-Processing-Automation-Solution-Accelerator,GitHub - microsoft/Azure-PDF-Form-Processing-Automation-Solution-Accelerator, 
https://techcommunity.microsoft.com/t5/azure-ai-services-blog/azure-cognitive-search-and-langchain-a-seamless-integration-for/ba-p/3901448,"
	Azure Cognitive Search and LangChain: A Seamless Integration for Enhanced Vector Search Capabilities - Microsoft Community Hub
", 
https://meet.google.com/mbq-iine-wom,"Google Meet - Online Video Calls, Meetings and Conferencing", 
https://aka.ms/FormRecognizer.,Bing, 
https://www.raffertyuy.com/raztype/azure-openai-networking/,Azure OpenAI Network Hardening | Rafferty Uy, 
https://t.co/CMlsTfqfqk,AI for Beginners, 
https://t.co/zj4Eiu82ZK,IoT for beginners, 
https://lnkd.in/gjF5ypVY,LinkedIn, 
https://t.co/QbivVp8hIC,Data Science for Beginners, 
https://python.langchain.com/docs/integrations/vectorstores/azuresearch,Azure AI Search | ü¶úÔ∏èüîó Langchain, 
https://blog.crossjoin.co.uk/2023/08/20/log-out-of-power-bi-automatically-after-a-period-of-inactivity/amp/,Log out of Power BI automatically after a period of inactivity, 
https://meet.google.com/bpq-chfz-qfz?pli=1&authuser=0,"Google Meet - Online Video Calls, Meetings and Conferencing", 
https://meet.google.com/zcd-tgmv-yvk?authuser=0,"Google Meet - Online Video Calls, Meetings and Conferencing", 
https://westus.dev.cognitive.microsoft.com/docs/services/form-recognizer-api-2023-07-31/operations/AnalyzeDocument,Microsoft Cognitive Services, 
https://learn.microsoft.com/en-us/azure/ai-services/document-intelligence/quickstarts/get-started-sdks-rest-api?view=doc-intel-3.1.0&pivots=programming-language-rest-api,Quickstart: Document Intelligence (formerly Form Recognizer) SDKs - Azure AI services | Microsoft Learn, 
https://learn.microsoft.com/en-us/azure/active-directory/develop/howto-create-self-signed-certificate,Create a self-signed public certificate to authenticate your application - Microsoft identity platform | Microsoft Learn, 
https://learn.microsoft.com/en-us/azure/active-directory/develop/quickstart-register-app,Quickstart: Register an app in the Microsoft identity platform - Microsoft identity platform | Microsoft Learn, 
https://www.bing.com/videos/search?q=how+to+create+self-signed+certificate+using+PowerShell&docid=603535775201629877&mid=9EA7FF4853634B3DE3D29EA7FF4853634B3DE3D2&view=detail&FORM=VIRE&PC=DCTS,how to create self-signed certificate using PowerShell - Search Videos, 
https://docs.google.com/spreadsheets/d/1cK39zICuQvz16F-miCdNObDYj34Flzf_4200kv42VeA/edit,Resource sheet - Google Sheets, 
https://adb-6985992342323724.4.azuredatabricks.net/?o=6985992342323724&l=en-us, , 
https://blog.fabric.microsoft.com/en-us/blog/fabric-changing-game-logging-your-workload-using-notebooks/,Fabric changing the game: Logging your workload using Notebooks. | Microsoft Fabric Blog | Microsoft Fabric, 
https://lnkd.in/eWraYvaF,LinkedIn, 
https://www.databricks.com/resources/webinar/advantage-lakehouse?utm_source=linkedin&utm_medium=social&utm_campaign=7018Y000001FhVvQAK,Advantage Lakehouse: Fueling Innovation in the Era of Data and AI | Databricks, 
https://events.databricks.com/UnityCatalogWorkshop-Virtual-Event?utm_source=databricks&utm_medium=social&utm_campaign=7018Y00000145aKQAQ&utm_term=bambu&blaid=4960943,Databricks Events | Databricks, 
https://lnkd.in/gP_DJt9g,LinkedIn, 
https://lnkd.in/gXc9WHNs,LinkedIn, 
https://lnkd.in/gNED8Ys6,LinkedIn, 
https://lnkd.in/gHeDVTb8,LinkedIn, 
https://lnkd.in/gfVccCgq,LinkedIn, 
https://lnkd.in/gE_q3a53,LinkedIn, 
https://lnkd.in/gRqQe4gM,LinkedIn, 
https://lnkd.in/g9yKM6jA,LinkedIn, 
https://lnkd.in/gpgvT6s3,LinkedIn, 
https://lnkd.in/gShY-UdT,LinkedIn, 
https://lnkd.in/gtqmxChV,LinkedIn, 
https://lnkd.in/grQb4c9b,LinkedIn, 
https://lnkd.in/g44ZqJtb,LinkedIn, 
https://lnkd.in/gbQvqrQp,LinkedIn, 
https://lnkd.in/gwvNJyc3,LinkedIn, 
https://lnkd.in/gsReps3K,LinkedIn, 
https://lnkd.in/gj3FCr7s,LinkedIn, 
https://lnkd.in/g2BmGUkm,LinkedIn, 
https://learn.microsoft.com/en-us/azure/azure-functions/functions-event-grid-blob-trigger?pivots=programming-language-python,Tutorial: Trigger Azure Functions on blob containers using an event subscription | Microsoft Learn, 
https://meet.google.com/xhb-iwnj-ctv,"Google Meet - Online Video Calls, Meetings and Conferencing", 
https://powerbi.microsoft.com/en-us/blog/power-bi-august-2023-feature-summary/,Power BI August 2023 Feature Summary | Microsoft Power BI Blog | Microsoft Power BI, 
https://medium.com/@matt_weingarten/databricks-workflows-orchestration-made-easy-1ae529023f5e,Databricks Workflows: Orchestration Made Easy | by Matt Weingarten | Medium, 
https://powerbi.microsoft.com/en-us/blog/announcing-automatic-scaling-for-dataset-scale-out-public-preview/,Announcing automatic scaling for dataset scale-out public preview | Microsoft Power BI Blog | Microsoft Power BI, 
https://www.linkedin.com/posts/alexwang2911_wow-python-x-excel-by-microsoft-microsoft-activity-7099910702231916544-dTIv?utm_source=share&utm_medium=member_ios,"Alex Wang on LinkedIn: Wow, Python X Excel, by Microsoft

Microsoft has released a public preview‚Ä¶ | 162 comments", 
https://www.linkedin.com/posts/onelogica_chandrayaan3-spaceexploration-innovation-activity-7100097077015162880-_V5q?utm_source=share&utm_medium=member_ios,Onelogica on LinkedIn: #chandrayaan3 #spaceexploration #innovation #isro #lunartriumph #jaihind, 
https://blog.fabric.microsoft.com/en-US/blog/using-data-pipelines-for-copying-data-to-from-kql-databases-and-crafting-workflows-with-the-lookup-activity/,Using Data pipelines for copying data to/from KQL Databases and crafting workflows with the Lookup activity | Microsoft Fabric Blog | Microsoft Fabric, 
https://powerbi.microsoft.com/en-us/blog/announcing-new-ways-to-create-connected-tables-in-excel-connected-to-power-bi/,Announcing new ways to create connected tables in Excel connected to Power BI | Microsoft Power BI Blog | Microsoft Power BI, 
https://delta.io/blog/2023-07-27-delta-lake-table-features/,Introducing Delta Lake Table Features | Delta Lake, 
https://www.thehindu.com/sci-tech/technology/microsoft-introduces-python-in-excel/article67226434.ece,"
	Microsoft introduces Python in Excel - The Hindu
", 
https://www.linkedin.com/posts/vladromanov_software-automation-mqtt-activity-7100461748494704640-Ju-l?utm_source=share&utm_medium=member_ios,Vladimir Romanov on LinkedIn: #software #automation #mqtt #industry40 | 235 comments, 
https://www.marktechpost.com/2023/08/23/hugging-face-introduces-idefics-pioneering-open-multimodal-conversational-ai-with-visual-language-models/, , 
https://techcommunity.microsoft.com/t5/fasttrack-for-azure/notifying-outlook-and-teams-channel-group-from-a-microsoft/ba-p/3908872,"
	Notifying Outlook and Teams channel/group from a Microsoft Fabric pipeline - Microsoft Community Hub
", 
https://www.linkedin.com/pulse/choosing-between-lakehouse-warehose-microsoft-fabric-jovan-popovic?utm_source=share&utm_medium=member_ios&utm_campaign=share_via,Choosing between Lakehouse and Warehouse in Microsoft Fabric, 
https://www.linkedin.com/pulse/using-data-pipelines-copying-tofrom-kql-databases-lookup-reginiano?utm_source=share&utm_medium=member_ios&utm_campaign=share_via,"Microsoft Fabric, KQL DB, Data Factory, Data pipeline, Kusto", 
https://techcommunity.microsoft.com/t5/apps-on-azure-blog/introducing-microsoft-playwright-testing-private-preview/ba-p/3905705,"
	Microsoft Playwright Testing service
", 
https://huggingface.co/blog/codellama,Code Llama: Llama 2 learns to code, 
https://lnkd.in/dVqfstVX),LinkedIn, 
https://lnkd.in/dnYFstsx,LinkedIn, 
https://interestingengineering.com/culture/saturn-will-appear-next-to-the-supermoon-on-august-30,Saturn will appear next to the Supermoon on August 30, 
https://www.youtube.com/watch?v=WXsD0ZgxjRw,APIs for Beginners 2023 - How to use an API (Full Course / Tutorial) - YouTube, 
https://www.freecodecamp.org/news/use-scrapy-for-web-scraping-in-python/,Use Scrapy for Web Scraping in Python, 
https://huggingface.co/learn,Hugging Face - Learn, 
https://medium.com/mlearning-ai/azure-machine-learning-fine-tuning-llama2-7b-99af6e3af87,Azure Machine learning Fine tuning LLama2 7b | by Balamurugan Balakreshnan | MLearning.ai | Medium, 
https://www.databricks.com/blog/using-ai-gateway-llama2-rag-apps,Using MLflow AI Gateway and Llama 2 to Build Generative AI Apps | Databricks Blog, 
https://www.databricks.com/blog/delta-uniform-universal-format-lakehouse-interoperability,Delta UniForm: a universal format for lakehouse interoperability | Databricks Blog, 
https://www.seoclarity.net/blog/best-page-speed-testing-tools,Top Page Speed Testing Tools For Analyzing Site Performance, 
https://1drv.ms/x/s!Aopl06VPjDPOqE_xwbEJYoU28Spg?e=SKuQNo,i-SAM Work Status.xlsx - Microsoft Excel Online, 
https://mktoevents.com/Microsoft+Event/406306/157-GQE-382,Event Registration, 
https://pypi.org/project/Countrydetails/,Countrydetails ¬∑ PyPI, 
https://pypi.org/project/indian-cities/,indian-cities ¬∑ PyPI, 
https://libraries.io/pypi/pyindia,pyindia 1.1.5 on PyPI - Libraries.io, 
https://blog.fabric.microsoft.com/en-US/blog/harness-the-power-of-langchain-in-microsoft-fabric-for-advanced-document-summarization/,Harness the Power of LangChain in Microsoft Fabric for Advanced Document Summarization | Microsoft Fabric Blog | Microsoft Fabric, 
https://powerbi.microsoft.com/en-us/blog/heads-up-changes-to-excel-workbook-support-in-power-bi-workspaces-2/,Heads up: Changes to Excel workbook support in Power BI workspaces | Microsoft Power BI Blog | Microsoft Power BI, 
https://bit.ly/3QXZML2,SeamlessM4T‚ÄîMassively Multilingual & Multimodal Machine Translation | Research - AI at Meta, 
https://devblogs.microsoft.com/azure-sql/building-your-own-db-copilot-for-azure-sql-with-azure-openai-gpt-4/,403 Forbidden, 
https://blog.fabric.microsoft.com/en-in/blog/free-preview-usage-of-microsoft-fabric-workloads-extended-to-october-1-2023?ft=Mihir%20Wagle%20(he/him):author,"Free preview usage of Microsoft Fabric workloads extended to October 1, 2023 | Microsoft Fabric Blog | Microsoft Fabric", 
https://youtu.be/nAo_J6UFB9Y?si=WmKAotDaRoBKqgPH,Loading on-prem DB to Fabric Lakehouse with Synapse Spark - YouTube, 
https://random-data-api.com/,Random Data API, 
https://medium.datadriveninvestor.com/all-visualization-types-in-power-bi-16307fe37957,"Power BI Visualization Types: A Comprehensive Guide to Creating Engaging Reports | by Gabe Araujo, M.Sc. | DataDrivenInvestor", 
https://github.com/rishika8189,rishika8189 ¬∑ GitHub, 
https://lnkd.in/gKuqtddb.,LinkedIn, 
https://lnkd.in/gp_6RJMV.,LinkedIn, 
https://lnkd.in/gzuJ5HCv.,LinkedIn, 
https://blog.fabric.microsoft.com/en-US/blog/microsoft-fabric-mvp-corner-august-2023/,Microsoft Fabric MVP Corner ‚Äì August 2023 | Microsoft Fabric Blog | Microsoft Fabric, 
https://youtu.be/6_3gjipEq_k?si=uIQgyNs9ZuYfObIj,Enabling Data Mesh with OneLake on Microsoft Fabric - YouTube, 
https://www.databricks.com/blog/efficient-fine-tuning-lora-guide-llms,Efficient Fine-Tuning with LoRA: A Guide to Optimal Parameter Selection for Large Language Models | Databricks Blog, 
https://medium.com/analytics-vidhya/invoice-information-extraction-using-ocr-and-deep-learning-b79464f54d69,Invoice Information extraction using OCR and Deep Learning | by Sourav Ghosh | Analytics Vidhya | Medium, 
https://www.analyticsvidhya.com/blog/2023/03/understanding-label-detection-in-invoices-using-opencv/,Understanding Label Detection in Invoices using OpenCV, 
https://www.analyticsvidhya.com/blog/2023/04/document-information-extraction-using-pix2struct/,Document Information Extraction Using Pix2Struct, 
https://blog.fabric.microsoft.com/en-US/blog/introducing-high-concurrency-mode-in-notebooks-for-data-engineering-and-data-science-workloads-in-microsoft-fabric/,Introducing High Concurrency Mode in Notebooks for Data Engineering and Data Science workloads in Microsoft Fabric | Microsoft Fabric Blog | Microsoft Fabric, 
https://learn.microsoft.com/en-us/azure/healthcare-apis/github-projects,Related GitHub Projects for Azure Health Data Services | Microsoft Learn, 
https://github.com/microsoft/azure-health-data-services-workshop,GitHub - microsoft/azure-health-data-services-workshop: Repository for instructor led and self-paced Azure Health Data Services workshops, 
https://github.com/microsoft/azure-health-data-services-toolkit,GitHub - microsoft/azure-health-data-services-toolkit: Customization model for Azure Health Data Services., 
https://techcommunity.microsoft.com/t5/azure-ai-services-blog/introducing-text-analytics-for-health/ba-p/1505152,"
	Introducing Text Analytics for Health - Microsoft Community Hub
", 
https://blog.fabric.microsoft.com/en-US/blog/create-metadata-driven-data-pipelines-in-microsoft-fabric/,Create Metadata Driven Data Pipelines in Microsoft Fabric | Microsoft Fabric Blog | Microsoft Fabric, 
https://github.com/Azure-Samples/azure-search-power-skills/tree/main,GitHub - Azure-Samples/azure-search-power-skills: A collection of useful functions to be deployed as custom skills for Azure Cognitive Search, 
https://techcommunity.microsoft.com/t5/azure-database-for-postgresql/what-s-new-with-postgres-at-microsoft-august-2023/ba-p/3914506,"
	What‚Äôs new with Postgres at Microsoft (August 2023) - Microsoft Community Hub
", 
https://lnkd.in/e427eQ6T,LinkedIn, 
https://lnkd.in/eDfw4dFv,LinkedIn, 
https://lnkd.in/e9i_pWbK,LinkedIn, 
https://lnkd.in/e282DDuS,LinkedIn, 
https://lnkd.in/eWB7J8bF,LinkedIn, 
https://lnkd.in/ezCfXcUR,LinkedIn, 
https://lnkd.in/e4rynfA4,Endrit Restelica on LinkedIn: #ai #artificialintelligencetechnology #technology #web3 #chatgpt #jobs‚Ä¶, 
https://lnkd.in/eR4Nmxv4,LinkedIn, 
https://lnkd.in/eusUiYn5,LinkedIn, 
https://lnkd.in/eY9YtTsf,LinkedIn, 
https://lnkd.in/e8dwC8w9,LinkedIn, 
https://lnkd.in/eMwTD76g,LinkedIn, 
https://lnkd.in/ecBm7Gty,LinkedIn, 
https://lnkd.in/efPQvrk2,LinkedIn, 
https://lnkd.in/eYASHPKY,LinkedIn, 
https://lnkd.in/e2_eXc3n,LinkedIn, 
https://lnkd.in/evkWGt-u,LinkedIn, 
https://course.fast.ai/,Practical Deep Learning for Coders - Practical Deep Learning, 
https://lnkd.in/e_vunHwD,LinkedIn, 
https://lnkd.in/eb_-wEPb,LinkedIn, 
https://lnkd.in/eGwP-FqU,LinkedIn, 
https://lnkd.in/eyHW-e5U,Endrit Restelica on LinkedIn: #ai #artificialintelligenceai #technology #artificialintelligence‚Ä¶, 
https://www.databricks.com/blog/using-ai-gateway-llama2-rag-apps?utm_source=linkedin&utm_medium=organic-social,Using MLflow AI Gateway and Llama 2 to Build Generative AI Apps | Databricks Blog, 
https://blog.fabric.microsoft.com/en-us/blog/data-warehouse-sharing,Data Warehouse sharing | Microsoft Fabric Blog | Microsoft Fabric, 
https://towardsdatascience.com/glip-introducing-language-image-pre-training-to-object-detection-5ddb601873aa,GLIP: Introducing Language-Image Pre-Training to Object Detection | by Sascha Kirch | Towards Data Science, 
https://www.youtube.com/channel/UCBo9n4HdMCJZ6VTWvPrTLqg/videos,Onelogica - YouTube, 
https://techcommunity.microsoft.com/t5/ai-machine-learning-blog/an-introduction-to-llmops-operationalizing-and-managing-large/ba-p/3910996,"
	An Introduction to LLMOps: Operationalizing and Managing Large Language Models using Azure ML
", 
https://youtu.be/1yYYY_yqqZE?si=HrSynylU_To4whyw,Wait! We can use Databricks data with Microsoft Fabric??? - YouTube, 
https://techcommunity.microsoft.com/t5/fasttrack-for-azure/integrating-microsoft-fabric-with-azure-databricks-delta-tables/ba-p/3916332,"
	Integrating Microsoft Fabric with Azure Databricks Delta Tables - Microsoft Community Hub
", 
https://www.linkedin.com/feed/update/urn:li:activity:7104863063199145984?utm_source=share&utm_medium=member_ios,See Praatibh Das‚Äô activity on LinkedIn, 
https://youtu.be/j2GrmcR6xA8?si=Vz9zuaCe6BGzGNXi,High Concurrency Mode in Microsoft Fabric - YouTube, 
https://vshow.on24.com/vshow/GSI_MMOC/registration/20801,Modular Training Videos, 
https://www.linkedin.com/posts/iedc-tkmce_india-startup-technology-activity-7105072418150367232-aUxH?utm_source=share&utm_medium=member_desktop,Innovation & Entrepreneurship Development Centre | IEDC TKMCE on LinkedIn: #india #startup #technology #growth #funding #artificialintelligence‚Ä¶ | 34 comments, 
https://meet.google.com/aam-dwtb-zem?pli=1&authuser=0,"Google Meet - Online Video Calls, Meetings and Conferencing", 
https://blog.fabric.microsoft.com/en-US/blog/microsoft-fabric-data-factory-webinar-series-september-2023/,Microsoft Fabric Data Factory Webinar Series ‚Äì September 2023 | Microsoft Fabric Blog | Microsoft Fabric, 
https://m.youtube.com/watch?v=6_3gjipEq_k,Enabling Data Mesh with OneLake on Microsoft Fabric - YouTube, 
https://www.linkedin.com/posts/onelogica_motivationmonday-staymotivated-keepgoing-activity-7105866965491064833-nRMf?utm_source=share&utm_medium=member_android,Onelogica on LinkedIn: #motivationmonday #staymotivated #keepgoing #motivatedmindset‚Ä¶, 
https://www.linkedin.com/posts/brijpandeyji_demystifying-sql-left-joins-for-sql-beginners-activity-7106599693127700480-wgEV?utm_source=share&utm_medium=member_ios,"Brij kishore Pandey on LinkedIn: Demystifying SQL LEFT JOINs

For SQL beginners, join logic can seem‚Ä¶ | 82 comments", 
https://learn.microsoft.com/en-us/microsoft-365/cloud-storage-partner-program/online/,Use the WOPI protocol to integrate with Office for the web | Microsoft Learn, 
https://support.microsoft.com/en-au/office/import-or-subscribe-to-a-calendar-in-outlook-on-the-web-503ffaf6-7b86-44fe-8dd6-8099d95f38df,Import or subscribe to a calendar in Outlook.com or Outlook on the web - Microsoft Support, 
https://github.com/Azure-Samples/cognitive-services-speech-sdk/tree/master/scenarios/csharp/dotnetcore/call-center, , 
https://info.microsoft.com/ww-ondemand-improve-customer-service-with-call-center-analytics.html,Call center analytics | Microsoft Azure, 
https://docs.google.com/spreadsheets/d/1SMzNyZ3D6Y6EDE_8IA_6N1exO4H6Sqfl_coiyEi4Zto/edit?usp=sharing,Tasks Tracker - Google Sheets, 
https://lnkd.in/gvNbEF8k,LinkedIn, 
https://techcommunity.microsoft.com/t5/educator-developer-blog/bring-your-own-data-to-azure-openai-step-by-step-guide/ba-p/3905212?WT.mc_id=DT-MVP-5001664,"
	Bring your own Data to Azure OpenAI: Step-by-Step Guide
", 
https://event.on24.com/eventRegistration/console/apollox/mainEvent?simulive=y&eventid=4301487&sessionid=1&username=&partnerref=&format=fhvideo1&mobile=&flashsupportedmobiledevice=&helpcenter=&key=FE85887606CE590F50487AE061DA717B&newConsole=true&nxChe=true&newTabCon=true&consoleEarEventConsole=false&text_language_id=en&playerwidth=748&playerheight=526&eventuserid=630894618&contenttype=L&mediametricsessionid=542591521&mediametricid=6061688&usercd=630894618&mode=launch, , 
https://www.linkedin.com/posts/vikasbhardwj_taxi-cab-video-ugcPost-7107703061992632321-b0Pi?utm_source=share&utm_medium=member_ios,Vikas Bhardwaj üáÆüá≥üïâÔ∏è on LinkedIn: #taxi #cab #video #lifesaver #women #children #elderly #parents #men‚Ä¶ | 17 comments, 
https://www.youtube.com/watch?v=wK3U7xSt31M,Microsoft Azure Fundamentals Certification (AZ-900) Full Course | Azure Online Training | Edureka - YouTube, 
https://www.linkedin.com/company/onelogica/, , 
https://www.thefreeonlinecourses.com/2023/09/python-for-beginners-by-microsoft-for.html,Python for beginners by Microsoft for FREE, 
https://m.youtube.com/watch?v=AObKOOVHRv4,Spark Data Engineering Patterns ‚Äì Shortcuts and external tables - YouTube, 
https://blog.fabric.microsoft.com/en-sg/blog/introducing-real-time-data-sharing-in-microsoft-fabric?ft=All,Real-Time Data Sharing in Microsoft Fabric¬† | Microsoft Fabric Blog | Microsoft Fabric, 
https://developer.microsoft.com/en-us/reactor/series/S-1188/,Event Series | Microsoft Reactor, 
https://learn.microsoft.com/en-us/azure/machine-learning/prompt-flow/how-to-integrate-with-llm-app-devops?view=azureml-api-2&amp%3Btabs=cli&tabs=cli,Integrate prompt flow with LLM-based application DevOps - Azure Machine Learning | Microsoft Learn, 
https://azure.github.io/Cloud-Native/Fall-For-IA/, , 
https://cookbook.openai.com/,OpenAI Cookbook, 
https://play.google.com/store/apps/details?id=com.azure.authenticator,Microsoft Authenticator - Apps on Google Play, 
https://teams.microsoft.com/l/message/19:-QfHJZYw8SXwPHZRZLN0vej6Qps_QcKM9RWGwpHMd1Q1@thread.tacv2/1695577274898?tenantId=1de61f46-fc12-4067-ab1d-147eb7e21025&groupId=1e6319d9-76a1-4952-9da9-d7c08b4f09ee&parentMessageId=1695577274898&teamName=factorialai.com&channelName=General&createdTime=1695577274898,Join conversation, 
https://blog.crossjoin.co.uk/2023/10/01/visops-for-power-bi-with-pbi-inspector/,VisOps for Power BI with PBI Inspector, 
https://youtu.be/Nh3S_sljkpI?si=sdNTnz4RKBgiIRcR,How to build a chatbot with Microsoft Azure AI | Azure AI Essentials - YouTube, 
http://20.244.6.117:8000/, , 
https://youtu.be/P7JVL_3__wk?si=bqQHvBUKsckh9f-z,Create and Configure Custom Q 'n' A Chatbot using Language Service within Azure Cognitive Services - YouTube, 
https://www.linkedin.com/posts/injae-park_gen-ai-power-bi-designs-pt2-ugcPost-7115595329852305410-OcQh?utm_source=share&utm_medium=member_ios,Injae Park on LinkedIn: Gen AI Power BI designs pt2 | 24 comments, 
https://www.linkedin.com/posts/peggy-gan_top-10-free-courses-from-harvard-university-activity-7117067755463262208--yB9?utm_source=share&utm_medium=member_ios,Peggy Gan on LinkedIn: #lifelonglearning, 
https://learn.microsoft.com/en-us/azure/virtual-machines/vm-naming-conventions,Azure VM sizes naming conventions - Azure Virtual Machines | Microsoft Learn, 
https://learn.microsoft.com/en-us/azure/communication-services/concepts/advanced-messaging/whatsapp/whatsapp-overview,Advanced Messaging for WhatsApp in Azure Communication Services - An Azure Communication Services concept document | Microsoft Learn, 
https://ai.plainenglish.io/building-a-next-best-action-solution-with-large-language-models-genai-5b545417f8ab,Building a ‚ÄúNext Best Action‚Äù Solution with Large Language Models (GenAI) | by Nayan Paul | Artificial Intelligence in Plain English, 
https://www.youtube.com/live/itNmb0runVo?si=33FOmseFShzxaG8h,Semantic Kernel Tutorial - YouTube, 
https://youtu.be/oOOO-lI7ATM?si=qevPfnNzuiwqGvQa,Improving LLM responses through Azure Cognitive Search Vector Search - YouTube, 
https://youtube.com/playlist?list=PLtvmFy4Ed_DJyXt40PxDwqWWhFyGGIkS_&si=cq7rogy4A4pfm5Cl,Global OpenAI Hackathon - YouTube, 
https://github.com/microsoft/OpenAIWorkshop/tree/main/scenarios/incubations/automating_analytics, , 
https://blog.langchain.dev/constructing-knowledge-graphs-from-text-using-openai-functions/,Constructing knowledge graphs from text using OpenAI functions: Leveraging knowledge graphs to power LangChain Applications, 
https://github.com/microsoftgraph/msgraph-sdk-python,GitHub - microsoftgraph/msgraph-sdk-python, 
https://www.zoho.com/blog/crm/zoho-crm-autumn-23.html,Autumn '23 Update | Zoho CRM, 
https://go.microsoft.com/fwlink/?linkid=2083908.,Bing, 
https://www.deeplearning.ai/short-courses/functions-tools-agents-langchain/?utm_campaign=langchain3-launch&utm_content=269341249&utm_medium=social&utm_source=linkedin&hss_channel=lcp-18246783,"Functions, Tools and Agents with LangChain - DeepLearning.AI", 
https://www.youtube.com/playlist?list=PLoROMvodv4rMiGQp3WXShtMGgzqpfVfbU,Stanford CS229: Machine Learning Full Course taught by Andrew Ng | Autumn 2018 - YouTube, 
https://testautomationu.applitools.com/,Test Automation University | Applitools, 
https://learn.microsoft.com/en-us/azure/bot-service/bot-builder-telemetry-analytics-queries?view=azure-bot-service-4.0,Analyze the telemetry data from your bot - Bot Service | Microsoft Learn, 
https://learn.microsoft.com/en-us/microsoftteams/platform/bots/calls-and-meetings/calls-meetings-bots-overview,Calls and online meetings bots - Teams | Microsoft Learn, 
https://www.illuminz.com/work,Work | Illuminz, 
https://www.linkedin.com/feed/update/urn:li:activity:7119668308085219328?utm_source=share&utm_medium=member_ios,Learn how to use Azure Cognitive Search with Vector Search and Hybrid + Semantic re-ranking. üõ†Ô∏è | Farzad Sunavala posted on the topic | LinkedIn, 
https://www.passnexam.com/microsoft/az-900/1,AZ-900: Microsoft Azure Fundamentals Certification Dump Questions Answers Examples, 
https://medium.com/@evertongomede/the-roc-curve-application-and-interpretation-in-the-health-context-cc06af05a6ec,"The ROC Curve: Application and Interpretation in the Health Context | by Everton Gomede, PhD | Medium", 
https://info.microsoft.com/ww-landing-uncover-predictive-insights-with-analytics-and-ai.html?lcid=en-us,Get Insights with Analytics + AI | Microsoft Azure, 
https://platform.latte.social/vid-gen, , 
https://lnkd.in/gss9dxc3,LinkedIn, 
https://lnkd.in/duy28vK3,"What Is Generative AI? Online Class | LinkedIn Learning, formerly Lynda.com", 
https://lnkd.in/dwruHPSj,"Generative AI: The Evolution of Thoughtful Online Search Online Class | LinkedIn Learning, formerly Lynda.com", 
https://lnkd.in/dS72VTSK,"Streamlining Your Work with Copilot (formerly Bing Chat/Bing Chat Enterprise) Online Class | LinkedIn Learning, formerly Lynda.com", 
https://lnkd.in/dD63DHUs,"Ethics in the Age of Generative AI Online Class | LinkedIn Learning, formerly Lynda.com", 
https://lnkd.in/dM6bnkKH,Microsoft Azure AI Fundamentals: AI Overview - Training | Microsoft Learn, 
https://lnkd.in/d_B6m9QZ,LinkedIn, 
https://lnkd.in/dHeHqtAA,LinkedIn, 
https://lnkd.in/dtFpAQkg,LinkedIn, 
https://lnkd.in/dCCjRfTc,LinkedIn, 
https://lnkd.in/ghk5eygZ,LinkedIn, 
https://lnkd.in/ghfQiMmP,LinkedIn, 
https://lnkd.in/gm4T9PER,LinkedIn, 
https://lnkd.in/gXUHtPqX,LinkedIn, 
https://lnkd.in/gX7N4zA4,LinkedIn, 
https://www.linkedin.com/posts/benjaminejzenberg_nouveaut%C3%A9s-power-bi-des-boutons-qui-ugcPost-7130525964702224385-dQe3?utm_source=share&utm_medium=member_ios,"Benjamin Ejzenberg on LinkedIn: ü§© Nouveaut√©s Power BI : des boutons qui changent la donne !

L'arriv√©e‚Ä¶ | 36 comments", 
https://learn.microsoft.com/en-us/credentials/certifications/exams/dp-600/,Exam DP-600: Implementing Analytics Solutions Using Microsoft Fabric (beta) - Certifications | Microsoft Learn, 
https://blog.fabric.microsoft.com/en-us/blog/fabric-microsoft-365-data-better-together/,Fabric +¬†Microsoft 365¬†Data: Better Together¬† | Microsoft Fabric Blog | Microsoft Fabric, 
https://blog.fabric.microsoft.com/en-us/blog/microsoft-fabric-explained-for-existing-synapse-users/,"Microsoft Fabric, explained for existing Synapse users | Microsoft Fabric Blog | Microsoft Fabric", 
https://powerbi.microsoft.com/en-us/blog/power-bi-november-2023-feature-summary/,Power BI November 2023 Feature Summary | Microsoft Power BI Blog | Microsoft Power BI, 
https://blog.fabric.microsoft.com/en-us/blog/microsoft-fabric-november-2023-update/,Microsoft Fabric November 2023 update | Microsoft Fabric Blog | Microsoft Fabric, 
https://blog.fabric.microsoft.com/en-us/blog/introducing-mirroring-in-microsoft-fabric/,Introducing Mirroring in Microsoft Fabric | Microsoft Fabric Blog | Microsoft Fabric, 
https://powerbi.microsoft.com/en-us/blog/empower-power-bi-users-with-microsoft-fabric-and-copilot/,Empower Power BI users with Microsoft Fabric and Copilot | Microsoft Power BI Blog | Microsoft Power BI, 
https://blog.fabric.microsoft.com/en-us/blog/fabric-workloads-are-now-generally-available/,Fabric workloads are now generally available! | Microsoft Fabric Blog | Microsoft Fabric, 
https://aka.ms/IgniteFabric2023,Microsoft Corporation, 
https://www.linkedin.com/posts/davidabu_msignite-ugcPost-7130610565240008704-lx4P?utm_source=share&utm_medium=member_ios,Learn about DAX Query View at #MSIgnite. Watch other videos. | David Abu posted on the topic | LinkedIn, 
https://learn.microsoft.com/en-us/fabric/data-engineering/migrate-synapse-overview,Migrating from Azure Synapse Spark to Fabric - Microsoft Fabric | Microsoft Learn, 
https://blog.fabric.microsoft.com/en-us/blog/microsoft-fabric-explained-for-existing-synapse-users,"Microsoft Fabric, explained for existing Synapse users | Microsoft Fabric Blog | Microsoft Fabric", 
https://blog.langchain.dev/langchain-expands-collaboration-with-microsoft/,LangChain Expands Collaboration with Microsoft, 
https://techcommunity.microsoft.com/t5/ai-machine-learning-blog/announcing-llama-2-inference-apis-and-hosted-fine-tuning-through/ba-p/3979227,"
	Announcing Llama 2 Inference APIs and Hosted Fine-Tuning through Models-as-a-Service in Azure AI - Microsoft Community Hub
", 
https://blogs.windows.com/windowsdeveloper/2023/11/15/elevating-the-developer-experience-on-windows-with-new-ai-tools-and-productivity-tools/,403 Forbidden, 
https://learn.microsoft.com/en-ca/ai/,Get skilled up and ready on Microsoft AI | Microsoft Learn, 
https://techcommunity.microsoft.com/t5/ai-azure-ai-services-blog/announcing-general-availability-of-azure-ai-vision-image/ba-p/3978898,"
	Azure AI Vision Image Analysis 4.0 API is used in Microsoft Copilot, Enhanced GPT-4 Turbo with Vision, GPT-4 Video Prompt as well as image and video retrieval.  
", 
https://txt.cohere.com/chat-with-rag/,Introducing Chat with Retrieval-Augmented Generation (RAG), 
https://blogs.partner.microsoft.com/partner/bring-customer-data-into-the-era-of-ai-with-microsoft-fabric/,Bring customer data into the era of AI with Microsoft Fabric - Microsoft AI Cloud Partner Program, 
https://techcommunity.microsoft.com/t5/ai-azure-ai-services-blog/gpt-4-turbo-with-vision-on-azure-openai-service/ba-p/3979933,"
	GPT-4 Turbo with Vision on Azure OpenAI Service
", 
https://powerbi.microsoft.com/en-us/blog/introducing-explore-public-preview/,Introducing Explore (Public Preview) | Microsoft Power BI Blog | Microsoft Power BI, 
https://loader.io/,Application Load Testing Tools for API Endpoints with loader.io, 
https://powerbi.microsoft.com/en-us/blog/new-slicer-button-public-preview/,New button slicer | Public preview | Microsoft Power BI Blog | Microsoft Power BI, 
https://techcommunity.microsoft.com/t5/azure-infrastructure-blog/simplify-it-management-with-microsoft-copilot-for-azure-save/ba-p/3981106,"
	Simplify IT management with Microsoft Copilot for Azure
", 
https://techcommunity.microsoft.com/t5/ai-azure-ai-services-blog/azure-openai-service-announces-new-models-and-multimodal/ba-p/3978865,"
	Microsoft Ignite 2023: Azure OpenAI Service Announces New Models and Multimodal Advancements
", 
https://github.com/Azure/aoai-apim,"GitHub - Azure/aoai-apim: Scaling AOAI using APIM, PTUs and TPMs", 
https://learn.microsoft.com/en-us/azure/ai-services/openai/concepts/models,Azure OpenAI Service models - Azure OpenAI | Microsoft Learn, 
https://techcommunity.microsoft.com/t5/security-compliance-and-identity/now-in-public-preview-microsoft-purview-integration-with/ba-p/3985044,"
	Now in Public Preview: Microsoft Purview integration with Microsoft Dataverse - Microsoft Community Hub
", 
https://techcommunity.microsoft.com/t5/ai-azure-ai-services-blog/speech-service-ignite-update-new-enhancement-features-for/ba-p/3978093,"
	Speech Service Ignite Update ‚Äì New Enhancement features for Pronunciation Assessment - Microsoft Community Hub
", 
https://ignite.microsoft.com/en-US/sessions/6f38dfc6-97eb-4d8d-8972-8c0a2a20c0d8?source=sessions,Microsoft Ignite, 
https://www.linkedin.com/posts/drjimfan_deepmind-just-dropped-lyria-a-state-of-the-art-activity-7130954087327563777-zPKR?utm_source=share&utm_medium=member_ios,"DeepMind launches Lyria, a state-of-the-art music generative model. | Jim Fan posted on the topic | LinkedIn", 
https://lawsofux.com/,Home | Laws of UX, 
https://bit.ly/3tRdF4e,Databricks: Large Language Models: Application through Production | edX, 
https://learn.microsoft.com/en-us/entra/identity-platform/scenario-web-app-sign-user-overview?tabs=python,Web app that signs in users - Overview - Microsoft identity platform | Microsoft Learn, 
https://learn.microsoft.com/en-us/entra/identity-platform/scenario-web-app-sign-user-sign-in?tabs=python,Write a web app that signs in/out users - Microsoft identity platform | Microsoft Learn, 
https://learn.microsoft.com/en-us/entra/identity-platform/security-tokens,Tokens and claims overview - Microsoft identity platform | Microsoft Learn, 
https://learn.microsoft.com/en-us/entra/identity-platform/optional-claims,Configure optional claims - Microsoft identity platform | Microsoft Learn, 
https://learn.microsoft.com/en-us/azure/app-service/overview-authentication-authorization,Authentication and authorization - Azure App Service | Microsoft Learn, 
https://vshow.on24.com/vshow/FY24_AZDepth/registration/23172?partnerref=DP_AZ_PD_SM_LI&OCID=AID2200904_PSOC_LINKEDIN_COMPANY_sprinklr_AUD653988d2a6cbb66379b1dff8_SPL653988d2a6cbb66379b1dff9&li_fat_id=afebb5f9-9af0-431c-bd4b-0b78145c91df,Azure Depth, 
https://www.microsoft.com/en-us/research/blog/orca-2-teaching-small-language-models-how-to-reason/,Microsoft Corporation, 
https://www.linkedin.com/pulse/microsoft-fabrics-monitoring-tenant-settings-romain-casteres?utm_source=share&utm_medium=member_ios&utm_campaign=share_via,Microsoft Fabrics Monitoring Tenant Settings, 
https://www.linkedin.com/posts/eric-vyacheslav-156273169_were-witnessing-the-future-of-ai-web-development-activity-7131331569906012160-_L0c?utm_source=share&utm_medium=member_ios,Eric Vyacheslav on LinkedIn: We're witnessing the future of AI web development:‚Ä¶ | 185 comments, 
https://www.linkedin.com/posts/theresanaiforthat_harvard-university-is-offering-free-online-activity-7132496938100277248-9ST1?utm_source=share&utm_medium=member_android,There's An AI For That on LinkedIn: Harvard University is offering free online courses (no application or‚Ä¶ | 69 comments, 
https://giangnt2.medium.com/forget-rag-embrace-agent-design-for-a-more-intelligent-grounded-chatgpt-6c562d903c61,"Forget RAG: Embrace agent design for a more intelligent grounded ChatGPT! | by James Nguyen | Nov, 2023 | Medium", 
https://factorialai-my.sharepoint.com/personal/abhika_mittal_onelogica_com/_layouts/15/onedrive.aspx?id=%2Fpersonal%2Fabhika%5Fmittal%5Fonelogica%5Fcom%2FDocuments%2FiSAM%2FEmployee%27s%20Profile%20Pictures&view=0, , 
https://www.kdnuggets.com/enhance-your-python-coding-style-with-ruff,  Enhance Your Python Coding Style with Ruff - KDnuggets, 
https://www.linkedin.com/posts/samantha-menot_databricks-upskill-dataengineering-activity-7132676111494197248-kITz?utm_source=share&utm_medium=member_android,Samantha Menot on LinkedIn: #databricks #upskill #dataengineering #dataanalytics #datascience‚Ä¶ | 53 comments, 
https://m.youtube.com/watch?v=2tLIGVZ4c8E&feature=youtu.be,"220M+ row Microsoft Fabric demo using Direct Lake, Lakehouse, Warehouse, Spark and Pipelines - YouTube", 
https://techcommunity.microsoft.com/t5/azure-data-explorer-blog/azure-data-explorer-kql-cheat-sheets/ba-p/1057404,"
	Azure Data Explorer KQL cheat sheets - Microsoft Community Hub
", 
https://www.popularmechanics.com/technology/a44675279/ai-content-model-collapse/,A New Study Says AI Is Eating Its Own Tail, 
https://youtu.be/ljosJE0B2H0?si=UpYwriRUOv_b7aII,Custom Application Showcase: Procure-to-Pay Automation - SAP Integration Demo - YouTube, 
https://www.youtube.com/watch?v=orLGv2LgWDE,"RAG, semantic search, embedding, vector... Find out what the terms used with Generative AI mean! - YouTube", 
https://www.linkedin.com/posts/marcreguera_powerbidesktop-powerbi-microsoftfabric-activity-7133848234300514304-TKfk?utm_source=share&utm_medium=member_ios,Marc Reguera on LinkedIn: #powerbi, 
https://www.linkedin.com/posts/gustaw-dudek_analytics-data-ux-activity-7133526579690790914-uSq6?utm_source=share&utm_medium=member_ios,Gustaw Dudek on LinkedIn: #analytics #data #ux #ui #powerbi #excel #datavisualization #report‚Ä¶ | 63 comments, 
https://www.microsoft.com/en-us/microsoft-fabric/blog/2023/11/15/build-isv-apps-with-microsoft-fabric-the-open-platform/,Microsoft Corporation, 
http://rag.vinija.ai,Vinija's Notes ‚Ä¢ NLP ‚Ä¢ Retrieval Augmented Generation, 
https://powerbi.microsoft.com/en-us/blog/power-bi-november-2023-feature-summary/?wt.mc_id=DP-MVP-5004687,Power BI November 2023 Feature Summary | Microsoft Power BI Blog | Microsoft Power BI, 
https://www.linkedin.com/posts/kavitabehera_powerbi-ui-ux-ugcPost-7133777754851860480-ao6N?utm_source=share&utm_medium=member_ios,Kavita Behera on LinkedIn: #powerbi #ui #ux #powerviz #activitygauge #dashboarddesign #userexperience‚Ä¶ | 69 comments, 
https://learn.microsoft.com/en-us/azure/machine-learning/how-to-secure-rag-workflows?view=azureml-api-2,Secure your RAG workflows with network isolation (preview) - Azure Machine Learning | Microsoft Learn, 
https://techcommunity.microsoft.com/t5/educator-developer-blog/teach-chatgpt-to-answer-questions-using-azure-cognitive-search/ba-p/3985395,"
	Teach ChatGPT to Answer Questions: Using Azure AI Search & Azure OpenAI (Semantic Kernel)
", 
https://community.fabric.microsoft.com/t5/Community-Blog/Sharing-Power-Query-tables/bc-p/3558472,"
	Sharing Power Query tables - Microsoft Fabric Community
", 
https://biinsight-com.cdn.ampproject.org/c/s/biinsight.com/microsoft-fabric-generating-reports-with-copilot/?amp=1,Microsoft Fabric: Generating Reports with Copilot - BI Insight, 
https://blog.fabric.microsoft.com/en-US/blog/integrate-your-sap-data-into-microsoft-fabric/,Integrate your SAP data into Microsoft Fabric | Microsoft Fabric Blog | Microsoft Fabric, 
https://blog.fabric.microsoft.com/en-US/blog/microsoft-fabric-mvp-corner-special-edition-ignite/,Microsoft Fabric MVP Corner ‚Äì Special Edition (Ignite) | Microsoft Fabric Blog | Microsoft Fabric, 
https://m.youtube.com/watch?v=6pe9NnpRm0w,Microsoft Fabric Capacity Smoothing and Data Warehouse Throttling - YouTube, 
https://jihwankimcscp.wixsite.com/supplychainflow/post/a-unique-approach-of-mine-how-i-learned-to-use-calculation-groups-in-power-bi,A Unique Approach: How I learned to use Calculation Groups in Power BI, 
https://techcommunity.microsoft.com/t5/ai-azure-ai-services-blog/azure-openai-architecture-patterns-and-implementation-steps/ba-p/3979934,"
	Azure OpenAI Architecture Patterns and implementation steps - Microsoft Community Hub
", 
https://powerbi.microsoft.com/en-us/blog/deep-dive-into-dax-query-view-and-writing-dax-queries/,Deep dive into DAX query view and writing DAX queries | Microsoft Power BI Blog | Microsoft Power BI, 
https://factorialai-my.sharepoint.com/:f:/g/personal/himanshu_pandey_onelogica_com/EqzGCFmMWYNHuWayDlCy6K8Bgc8GOBbqH_yIHcb8fnnR5A?e=uRwXve, , 
https://youtu.be/frIA3Wof08Y,Get Started with Microsoft Copilot Studio: How to Create Your First Copilot - YouTube, 
https://blog.fabric.microsoft.com/en-US/blog/read-data-from-delta-lake-tables-with-the-deltalake-table-m-function/,Read data from Delta Lake tables with the DeltaLake.Table M function | Microsoft Fabric Blog | Microsoft Fabric, 
https://www.linkedin.com/posts/linasbeliunas_meet-anna-indiana-the-first-ai-singer-songwriter-activity-7134133818302603264-HO6Q?utm_source=share&utm_medium=member_ios,"Linas Beli≈´nas on LinkedIn: Meet Anna Indiana, the first AI singer-songwriter üò≥

This is her first‚Ä¶ | 197 comments", 
https://dax.tips/2023/12/05/visualize-power-bi-refresh-using-sempy/,Visualize Power BI Refresh using Semantic-link - Phil Seamark on DAX, 
https://stackoverflow.blog/2023/10/18/retrieval-augmented-generation-keeping-llms-relevant-and-current/?cb=1,Retrieval augmented generation: Keeping LLMs relevant and current - Stack Overflow, 
https://www.silo.ai/blog/increase-llm-trustworthiness-through-rag-and-guardrails,Increase LLM trustworthiness through retrieval-augmented generation and guardrails, 
https://github.com/Azure/GPT-RAG,"GitHub - Azure/GPT-RAG: Sharing the learning along the way we been gathering to enable Azure OpenAI at scale in a secure manner. GPT-RAG core is a Retrieval-Augmented Generation pattern running in Azure, using Azure Cognitive Search for retrieval and Azure OpenAI large language models to power ChatGPT-style and Q&A experiences.", 
https://m.youtube.com/watch?v=vqqVcD5f-g0,Model & Experiment Tracking in Fabric Data Science (MLFLOW) - YouTube, 
https://techcommunity.microsoft.com/t5/ai-azure-ai-services-blog/document-intelligence-preview-adds-query-fields-new-prebuilt/ba-p/3984295,"
	Document Intelligence preview adds query fields, new prebuilt models and other improvements - Microsoft Community Hub
", 
https://www.databricks.com/blog/introducing-databricks-vector-search-public-preview,Introducing Databricks Vector Search Public Preview | Databricks Blog, 
https://piethein.medium.com/understanding-master-data-managements-integration-challenges-a41f6ed0f702,"Understanding Master Data Management‚Äôs integration challenges | by Piethein Strengholt | Dec, 2023 | Medium", 
https://www.linkedin.com/pulse/enhanced-data-label-pbicorevisuals-e59jc?utm_source=share&utm_medium=member_ios&utm_campaign=share_via,Enhanced data label, 
https://www.airindia.com/content/dam/air-india/pdfs/media-centre/Media%20Release_Air%20India%20Moves%20IT%20Infra%20to%20Cloud_05Dec2023.pdf, , 
https://github.com/protectai/rebuff,GitHub - protectai/rebuff: LLM Prompt Injection Detector, 
https://learn.microsoft.com/en-us/azure/ai-services/openai/concepts/content-filter,Azure OpenAI Service content filtering - Azure OpenAI | Microsoft Learn, 
https://github.com/guidance-ai/guidance,GitHub - guidance-ai/guidance: A guidance language for controlling large language models., 
https://github.com/guardrails-ai/guardrails,GitHub - guardrails-ai/guardrails: Adding guardrails to large language models., 
https://microsoft.seismic.com/app?ContentId=d48956ea-721f-4b9c-a6b1-5ce3e7826020, , 
https://github.com/microsoft/industry/tree/main/fsi/solutions/generativeAi, , 
https://www.microsoft.com/en-us/research/uploads/prod/2023/12/AI-and-Productivity-Report-First-Edition.pdf,Microsoft Corporation, 
https://www.linkedin.com/posts/giovannitoschi_ai-machinelearning-tech-activity-7137712249309122561-pDuH?utm_source=share&utm_medium=member_android,Giovanni Toschi on LinkedIn: #ai #machinelearning #tech | 16 comments, 
https://colorhunt.co/palettes/pink-purple-blue-peach,Pink Purple Blue Peach Color Palettes - Color Hunt, 
https://adaptivecards.io/,Adaptive Cards, 
https://www.damobird365.com/create-an-interactive-power-virtual-agent/,Not Acceptable!, 
https://flowaltdelete.ca/2020/11/06/getting-user-details-to-use-in-power-virtual-agents-teams/,Getting User Details To Use In Power Virtual Agents (Teams) ‚Äì Flow Alt Delete ‚Äì Josh Cook [Microsoft MVP], 
https://fabrity.com/blog/how-to-build-a-customer-service-chatbot-with-microsoft-power-virtual-agents/,How to build a customer service chatbot with Microsoft Power Virtual Agents - Fabrity Software House, 
https://www.spyglassmtg.com/blog/extending-pva-with-skills,Extending Power Virtual Agents with Skills, 
https://hackernoon.com/step-by-step-guide-to-building-your-first-voice-bot-with-microsoft-power-virtual-agent,Step-by-Step Guide to Building Your First (Voice) Bot with Microsoft Power Virtual Agent | HackerNoon, 
https://www.ais.com/creating-conversational-chatbots-azure-openai-power-automate-and-power-virtual-agent/,403 Forbidden, 
https://dataxan.com/insights/finance-tax-transformation/chatbot/faq-chatbot-dialogflow-vs-power-virtual-agents-pva/,FAQ ChatBot - Dialogflow vs Power Virtual Agents (PVA) - DaTaxan, 
https://platformtechchronicles.blog/2023/06/11/pvaandpowerautomate/,How to Unlock the Potential of Power Virtual Agent (PVA) and AI: Leveraging Power Automate for Data Retrieval - PlatformTech Chronicles, 
https://github.com/MicrosoftDocs/power-platform/blob/main/power-virtual-agents/fundamentals-get-started.md, , 
https://d365goddess.com/check-order-status-with-pva-flow/,Not Acceptable!, 
https://github.com/microsoft/table-transformer,GitHub - microsoft/table-transformer: Table Transformer (TATR) is a deep learning model for extracting tables from unstructured documents (PDFs and images). This is also the official repository for the PubTables-1M dataset and GriTS evaluation metric., 
https://learn.microsoft.com/en-us/azure/ai-services/openai/gpt-v-quickstart?tabs=image&pivots=programming-language-studio,Quickstart: Use GPT-4 Turbo with Vision on your images and videos with the Azure Open AI Service - Azure OpenAI | Microsoft Learn, 
https://learn.microsoft.com/en-us/azure/cognitive-services/openai/whats-new,What's new in Azure OpenAI Service? - Azure AI services | Microsoft Learn, 
https://github.com/retkowsky/Azure-OpenAI-demos/blob/main/gpt4-V/GPT4-Vision%20demo%20with%20Azure%20Open%20AI.ipynb, , 
https://www.microsoft.com/en-us/research/blog/phi-2-the-surprising-power-of-small-language-models/,Microsoft Corporation, 
https://blog.fabric.microsoft.com/en-US/blog/lakehouse-vs-data-warehouse-deep-dive-into-use-cases-differences-and-architecture-designs/,"Lakehouse vs Data Warehouse vs Real-Time Analytics/KQL Database: Deep Dive into Use Cases, Differences, and Architecture Designs | Microsoft Fabric Blog | Microsoft Fabric", 
https://blog.fabric.microsoft.com/en-US/blog/prebuilt-azure-ai-services-in-fabric-2/,Prebuilt Azure AI services in Fabric | Microsoft Fabric Blog | Microsoft Fabric, 
https://lnkd.in/dKyDSarg,LinkedIn, 
https://lnkd.in/dH-qkDwc,LinkedIn, 
https://github.com/m-kovalsky/Fabric,GitHub - m-kovalsky/Fabric: Useful code for fabric notebooks, 
https://github.com/bhakthan/awesome-microsoft-fabric,"GitHub - bhakthan/awesome-microsoft-fabric: A curated list of awesome Microsoft Fabric resources, updates,  blogs, videos and more", 
https://techcommunity.microsoft.com/t5/ai-azure-ai-services-blog/elevating-rag-and-search-the-synergy-of-azure-ai-document/ba-p/4006348,"
	Transform RAG and Search with Azure AI Document Intelligence
", 
https://www.deeplearning.ai/short-courses/,Short Courses | Learn Generative AI from DeepLearning.AI, 
https://www.linkedin.com/pulse/mastering-power-bi-design-my-short-journey-visual-van-amersfoort-sbeze?utm_source=share&utm_medium=member_android&utm_campaign=share_via,Mastering Power BI Design: My short Journey of Visual Brilliance, 
https://blog.crossjoin.co.uk/2023/12/17/incremental-refresh-on-delta-tables-in-power-bi/,Incremental refresh on Delta tables in Power BI, 
https://www.geeksforgeeks.org/bloom-filters-introduction-and-python-implementation/,Bloom Filters - Introduction and Implementation - GeeksforGeeks, 
https://platform.openai.com/docs/guides/prompt-engineering, , 
https://blog.fabric.microsoft.com/en-CA/blog/microsoft-fabric-december-2023-update/,Microsoft Fabric December 2023 Update | Microsoft Fabric Blog | Microsoft Fabric, 
https://www.linkedin.com/posts/furmangg_microsoftfabric-dataarchitecture-datawarehouse-activity-7142513899588759552-yaFE?utm_source=share&utm_medium=member_android,What are the most common data architectures in #MicrosoftFabric? üèõÔ∏è Compare them! | Greg Galloway posted on the topic | LinkedIn, 
https://www.linkedin.com/posts/zainkahn_boom-openai-just-dropped-their-guide-to-activity-7143246394911293440-9Day?utm_source=share&utm_medium=member_ios,OpenAI's guide to writing prompt: 5 new strategies to get powerful results. | Zain Kahn posted on the topic | LinkedIn, 
https://info.microsoft.com/AU-PBD-CATALOG-FY24-11Nov-29-Power-Your-AI-Transformation-with-the-Microsoft-Cloud-SREVM27985_Catalog-Display-Page.html?ocid=eml_pg422093_gdc_comm_az,Innovate with AI Bootcamp , 
https://review.learn.microsoft.com/en-us/semantic-kernel/overview/, , 
https://github.com/microsoft/semantic-kernel/tree/main/dotnet/samples/KernelSyntaxExamples/Getting_Started, , 
https://blog.fabric.microsoft.com/en-us/blog/use-fabric-data-factory-data-pipelines-to-orchestrate-notebook-based-workflows/,Use Fabric Data Factory Data Pipelines to Orchestrate Notebook-based Workflows | Microsoft Fabric Blog | Microsoft Fabric, 
https://github.com/microsoft/autogen,GitHub - microsoft/autogen: Enable Next-Gen Large Language Model Applications. Join our Discord: https://discord.gg/pAbnFJrkgZ, 
https://learn.microsoft.com/en-us/azure/machine-learning/prompt-flow/tools-reference/azure-open-ai-gpt-4v-tool?view=azureml-api-2,Azure OpenAI GPT-4 Turbo with Vision tool in Azure Machine Learning prompt flow - Azure Machine Learning | Microsoft Learn, 
https://www.microsoft.com/en-in/campaign/AIOdyssey/,Microsoft Corporation, 
https://github.com/divssheth/promptflow-gpt4v,GitHub - divssheth/promptflow-gpt4v, 
https://github.com/thinkall/autogen-demos,GitHub - thinkall/autogen-demos: Demo code for use cases of AutoGen, 
https://microsoft.github.io/autogen/blog/2023/12/29/AgentDescriptions/,All About Agent Descriptions | AutoGen, 
https://uxdesign.cc/58-rules-for-stunning-and-effective-user-interface-design-ea4b93f931f6,"58 rules for beautiful UI design. The right UI can elevate an application‚Ä¶ | by Taras Bakusevych | Jan, 2024 | UX Collective", 
https://learn.microsoft.com/en-us/azure/ai-services/openai/how-to/quota?tabs=rest,Manage Azure OpenAI Service quota - Azure AI services | Microsoft Learn, 
https://github.com/FreddyAyala/AzureAIServicesLandingZone,GitHub - FreddyAyala/AzureAIServicesLandingZone: Azure IA Services Landing Zone, 
https://www.microsoft.com/en-us/research/blog/taskweaver-a-code-first-agent-framework-for-efficient-data-analytics-and-domain-adaptation/?mc_cid=9e0c7b9d49&mc_eid=08d56e3e3f,Microsoft Corporation, 
https://suparnatechbasket.wordpress.com/2023/12/13/power-apps-with-openai-gpt4-turbo-vision/,Analyse images in Power Apps using Azure OpenAI GPT 4 Turbo with Vision ‚Äì Suparna's Tech Basket, 
https://azure.microsoft.com/en-in/resources/development-kit/saas,Azure SaaS Development Kit ‚Äì SaaS Software Dev | Microsoft Azure, 
https://www.freecodecamp.org/news/cross-browser-compatibility-testing-best-practices-for-web-developers/,Cross-Browser Compatibility Testing ‚Äì Best Practices for Web Developers, 
